elevation|mindate|maxdate|latitude|name|datacoverage|id|elevationUnit|longitude|state|location_type|location
11.9|1865-06-01|1959-06-30|40.23333|TRENTON NOTTINGHAMWA, NJ US|0.7742|GHCND:USC00288878|METERS|-74.76667|New Jersey|GHCND|USC00288878
3.0|1873-12-01|2012-10-03|40.4633|SANDY HOOK, NJ US|1.0|GHCND:USC00287865|METERS|-74.0055|New Jersey|GHCND|USC00287865
3.0|1873-12-10|2020-07-18|39.37778|ATLANTIC CITY MARINA, NJ US|1.0|GHCND:USW00013724|METERS|-74.42361|New Jersey|GHCND|USW00013724
30.5|1893-01-01|2020-07-19|40.26639|HIGHTSTOWN 2 W, NJ US|1.0|GHCND:USC00283951|METERS|-74.56417|New Jersey|GHCND|USC00283951
85.3|1893-01-01|2020-07-19|40.89174|BOONTON 1 SE, NJ US|1.0|GHCND:USC00280907|METERS|-74.39635|New Jersey|GHCND|USC00280907
175.3|1893-01-01|1943-12-31|40.88333|DOVER, NJ US|1.0|GHCND:USC00282340|METERS|-74.56667|New Jersey|GHCND|USC00282340
30.5|1893-01-01|1911-12-31|40.483333|NEW BRUNSWICK, NJ US|0.9871|GHCND:USC00286053|METERS|-74.45|New Jersey|GHCND|USC00286053
18.3|1893-01-01|1949-12-31|40.36667|LAMBERTVILLE RIVER, PA US|0.943|GHCND:USC00284653|METERS|-74.95|New Jersey|GHCND|USC00284653
59.1|1893-01-01|2020-07-19|40.31358|FREEHOLD MARLBORO, NJ US|1.0|GHCND:USC00283181|METERS|-74.25106|New Jersey|GHCND|USC00283181
203.3|1893-01-01|2020-07-19|41.2214|SUSSEX 3 WNW, NJ US|1.0|GHCND:USC00288644|METERS|-74.66261|New Jersey|GHCND|USC00288644
13.7|1893-01-01|2012-11-20|39.9512|MOORESTOWN, NJ US|1.0|GHCND:USC00285728|METERS|-74.9696|New Jersey|GHCND|USC00285728
184.4|1893-01-01|2010-12-31|41.05528|NEWTON, NJ US|1.0|GHCND:USC00286177|METERS|-74.75917|New Jersey|GHCND|USC00286177
21.0|1893-01-01|1970-03-16|39.4|MILLVILLE, NJ US|0.4076|GHCND:USC00285576|METERS|-75.05|New Jersey|GHCND|USC00285576
11.9|1893-01-01|1970-01-31|40.66667|ELIZABETH, NJ US|0.9892|GHCND:USC00282644|METERS|-74.23333|New Jersey|GHCND|USC00282644
2.1|1893-01-01|2020-07-19|40.6825|NEWARK LIBERTY INTERNATIONAL AIRPORT, NJ US|1.0|GHCND:USW00014734|METERS|-74.1694|New Jersey|GHCND|USW00014734
38.1|1893-01-01|2020-07-19|39.64415|HAMMONTON 1 NE, NJ US|1.0|GHCND:USC00283662|METERS|-74.80478|New Jersey|GHCND|USC00283662
3.0|1893-01-01|2011-04-30|39.95|TOMS RIVER, NJ US|1.0|GHCND:USC00288816|METERS|-74.2167|New Jersey|GHCND|USC00288816
27.4|1893-01-01|2012-04-13|40.6036|PLAINFIELD, NJ US|1.0|GHCND:USC00287079|METERS|-74.4025|New Jersey|GHCND|USC00287079
85.0|1893-01-01|1981-10-31|40.83333|BELVIDERE, NJ US|0.9935|GHCND:USC00280729|METERS|-75.08333|New Jersey|GHCND|USC00280729
40.8|1893-01-01|2010-12-31|40.6153|SOMERVILLE 4 NW, NJ US|1.0|GHCND:USC00288194|METERS|-74.6531|New Jersey|GHCND|USC00288194
34.1|1893-01-01|1958-06-30|39.46667|BRIDGETON 1 NE, NJ US|0.9594|GHCND:USC00281028|METERS|-75.2|New Jersey|GHCND|USC00281028
4.3|1893-01-01|1953-02-28|39.91667|CAMDEN, NJ US|0.32|GHCND:USC00281280|METERS|-75.11667|New Jersey|GHCND|USC00281280
31.1|1893-01-01|1974-09-30|40.9|PATERSON, NJ US|0.9613|GHCND:USC00286775|METERS|-74.15|New Jersey|GHCND|USC00286775
34.1|1893-02-01|1959-06-30|39.48333|VINELAND, NJ US|0.8245|GHCND:USC00289135|METERS|-75.0|New Jersey|GHCND|USC00289135
237.1|1893-04-01|2020-07-19|41.02996|CHARLOTTEBURG RESERVOIR, NJ US|1.0|GHCND:USC00281582|METERS|-74.42477|New Jersey|GHCND|USC00281582
6.1|1894-01-01|2020-07-18|38.95341|CAPE MAY 2 NW, NJ US|1.0|GHCND:USC00281351|METERS|-74.93611|New Jersey|GHCND|USC00281351
26.2|1896-01-01|1968-05-31|40.46667|NEW BRUNSWICK, NJ US|0.9954|GHCND:USC00286062|METERS|-74.43333|New Jersey|GHCND|USC00286062
36.9|1896-11-01|1962-07-31|39.65|CLAYTON, NJ US|0.7935|GHCND:USC00281708|METERS|-75.1|New Jersey|GHCND|USC00281708
30.5|1897-07-29|2003-10-31|40.27139|TRENTON STATE COLLEGE, NJ US|1.0|GHCND:USC00288880|METERS|-74.79194|New Jersey|GHCND|USC00288880
80.8|1898-03-01|2020-07-19|40.57401|FLEMINGTON 5 NNW, NJ US|1.0|GHCND:USC00283029|METERS|-74.88156|New Jersey|GHCND|USC00283029
3.0|1898-05-01|2010-12-31|39.6026|TUCKERTON 2 NE, NJ US|1.0|GHCND:USC00288899|METERS|-74.3387|New Jersey|GHCND|USC00288899
3.0|1898-10-01|1958-06-30|39.41667|PLEASANTVILLE 1 N, NJ US|0.9987|GHCND:USC00287131|METERS|-74.51667|New Jersey|GHCND|USC00287131
143.0|1900-06-01|1962-02-28|41.25|LAYTON 3 NW, NJ US|0.9785|GHCND:USC00284735|METERS|-74.85|New Jersey|GHCND|USC00284735
29.9|1901-04-01|2010-12-31|39.54611|WOODSTOWN PITTSGROV 4 E, NJ US|1.0|GHCND:USC00289910|METERS|-75.16444|New Jersey|GHCND|USC00289910
30.5|1901-05-01|2020-05-31|39.79952|INDIAN MILLS 2 W, NJ US|1.0|GHCND:USC00284229|METERS|-74.78042|New Jersey|GHCND|USC00284229
18.3|1902-01-01|2010-12-31|39.97083|PEMBERTON, NJ US|1.0|GHCND:USC00286843|METERS|-74.68278|New Jersey|GHCND|USC00286843
93.0|1902-01-01|2013-09-01|41.0917|RINGWOOD, NJ US|1.0|GHCND:USC00287587|METERS|-74.2683|New Jersey|GHCND|USC00287587
6.1|1902-01-01|1973-12-31|39.46667|CANTON, NJ US|0.5268|GHCND:USC00281343|METERS|-75.41667|New Jersey|GHCND|USC00281343
232.0|1902-04-01|1954-07-31|41.16667|CULVERS LAKE, NJ US|0.9681|GHCND:USC00282130|METERS|-74.78333|New Jersey|GHCND|USC00282130
57.9|1903-02-01|1963-02-24|40.75|CHATHAM, NJ US|0.9641|GHCND:USC00281590|METERS|-74.36667|New Jersey|GHCND|USC00281590
54.9|1903-02-01|1977-05-31|40.68333|PHILLIPSBURG, NJ US|0.9888|GHCND:USC00286974|METERS|-75.18333|New Jersey|GHCND|USC00286974
106.7|1903-03-01|1949-05-31|40.8314|ESSEX FELLS SERV BUILDING, NJ US|0.9986|GHCND:USC00282773|METERS|-74.2858|New Jersey|GHCND|USC00282773
45.7|1903-09-01|2010-12-31|40.8858|LITTLE FALLS, NJ US|1.0|GHCND:USC00284887|METERS|-74.2261|New Jersey|GHCND|USC00284887
6.7|1903-10-01|1959-06-30|40.4675|FORT HANCOCK COAST GUARD STATION, NJ US|0.3872|GHCND:USC00287869|METERS|-74.0091|New Jersey|GHCND|USC00287869
41.1|1905-12-01|2010-12-31|40.74194|JERSEY CITY, NJ US|1.0|GHCND:USC00284339|METERS|-74.05722|New Jersey|GHCND|USC00284339
3.7|1907-01-01|1977-10-31|40.08333|BURLINGTON, PA US|0.9928|GHCND:USC00281211|METERS|-74.86667|New Jersey|GHCND|USC00281211
6.1|1907-04-01|1958-05-31|40.43333|RUNYON, NJ US|0.728|GHCND:USC00287825|METERS|-74.33333|New Jersey|GHCND|USC00287825
9.1|1907-11-01|2020-07-19|40.29696|LONG BRANCH OAKHURST, NJ US|1.0|GHCND:USC00284987|METERS|-74.00153|New Jersey|GHCND|USC00284987
7.6|1908-01-01|1939-03-31|39.36667|NORTHFIELD, NJ US|0.9894|GHCND:USC00286320|METERS|-74.53333|New Jersey|GHCND|USC00286320
57.9|1913-01-01|1981-11-30|40.2269|TRENTON WEATHER SERVICE OFFICE CITY, NJ US|1.0|GHCND:USW00014773|METERS|-74.7465|New Jersey|GHCND|USW00014773
24.1|1916-03-01|1960-04-30|40.83333|RIDGEFIELD, NJ US|0.9528|GHCND:USC00287545|METERS|-74.01667|New Jersey|GHCND|USC00287545
3.7|1919-01-01|2012-11-30|40.96111|NEW MILFORD, NJ US|1.0|GHCND:USC00286146|METERS|-74.01583|New Jersey|GHCND|USC00286146
31.4|1919-07-01|2012-11-30|41.0139|WOODCLIFF LAKE, NJ US|1.0|GHCND:USC00289832|METERS|-74.0425|New Jersey|GHCND|USC00289832
9.1|1922-03-01|2010-12-31|39.2484|BELLEPLAIN ST FOREST, NJ US|1.0|GHCND:USC00280690|METERS|-74.843|New Jersey|GHCND|USC00280690
15.2|1922-07-01|2005-07-01|39.9883|MOUNT HOLLY, NJ US|1.0|GHCND:USC00285055|METERS|-74.8047|New Jersey|GHCND|USC00285055
167.6|1929-10-01|2010-12-31|40.7875|LONG VALLEY, NJ US|1.0|GHCND:USC00285003|METERS|-74.77889|New Jersey|GHCND|USC00285003
143.0|1931-01-01|1962-02-01|41.25|LAYTON 3 NW, NJ US|0.9895|COOP:284735|METERS|-74.85|New Jersey|COOP|284735
34.1|1931-01-01|1957-11-01|39.46667|BRIDGETON 1 NE, NJ US|0.9659|COOP:281028|METERS|-75.2|New Jersey|COOP|281028
24.1|1931-01-01|1960-04-01|40.83333|RIDGEFIELD, NJ US|0.9944|COOP:287545|METERS|-74.01667|New Jersey|COOP|287545
30.5|1931-01-01|2015-11-01|39.79952|INDIAN MILLS 2 W, NJ US|0.9873|COOP:284229|METERS|-74.78042|New Jersey|COOP|284229
3.7|1931-01-01|1978-06-01|40.08333|BURLINGTON, PA US|0.965|COOP:281211|METERS|-74.86667|New Jersey|COOP|281211
85.0|1931-01-01|1981-12-01|40.83333|BELVIDERE, NJ US|0.9853|COOP:280729|METERS|-75.08333|New Jersey|COOP|280729
3.0|1931-01-01|2008-04-01|39.6026|TUCKERTON 2 NE, NJ US|0.7791|COOP:288899|METERS|-74.3387|New Jersey|COOP|288899
45.7|1931-01-01|2014-01-01|40.8858|LITTLE FALLS, NJ US|0.9852|COOP:284887|METERS|-74.2261|New Jersey|COOP|284887
3.7|1931-01-01|2014-12-01|40.96111|NEW MILFORD, NJ US|0.9484|COOP:286146|METERS|-74.01583|New Jersey|COOP|286146
36.9|1931-01-01|1962-07-01|39.65|CLAYTON, NJ US|0.7626|COOP:281708|METERS|-75.1|New Jersey|COOP|281708
31.1|1931-01-01|1974-09-01|40.9|PATERSON, NJ US|0.9086|COOP:286775|METERS|-74.15|New Jersey|COOP|286775
16.5|1931-01-01|1957-09-01|40.1|LAKEWOOD 2 ENE, NJ US|0.9615|COOP:284627|METERS|-74.18333|New Jersey|COOP|284627
26.2|1931-01-01|1968-06-01|40.46667|NEW BRUNSWICK, NJ US|0.9822|COOP:286062|METERS|-74.43333|New Jersey|COOP|286062
11.9|1931-01-01|1970-06-01|40.66667|ELIZABETH, NJ US|0.9853|COOP:282644|METERS|-74.23333|New Jersey|COOP|282644
9.1|1931-01-01|2006-10-01|39.2484|BELLEPLAIN ST FOREST, NJ US|0.9582|COOP:280690|METERS|-74.843|New Jersey|COOP|280690
38.1|1931-01-01|2015-11-01|39.64415|HAMMONTON 1 NE, NJ US|0.7831|COOP:283662|METERS|-74.80478|New Jersey|COOP|283662
20.7|1931-01-01|2015-11-01|40.35958|LAMBERTVILLE, NJ US|0.9755|COOP:284635|METERS|-74.94461|New Jersey|COOP|284635
40.8|1931-01-01|2006-05-01|40.6153|SOMERVILLE 4 NW, NJ US|0.9426|COOP:288194|METERS|-74.6531|New Jersey|COOP|288194
6.1|1931-01-01|2015-11-01|38.95341|CAPE MAY 2 NW, NJ US|0.8695|COOP:281351|METERS|-74.93611|New Jersey|COOP|281351
57.9|1931-01-01|1963-02-01|40.75|CHATHAM, NJ US|0.9613|COOP:281590|METERS|-74.36667|New Jersey|COOP|281590
9.1|1931-01-01|2015-11-01|40.29696|LONG BRANCH OAKHURST, NJ US|0.8891|COOP:284987|METERS|-74.00153|New Jersey|COOP|284987
3.0|1931-01-01|1958-06-01|39.41667|PLEASANTVILLE 1 N, NJ US|0.9941|COOP:287131|METERS|-74.51667|New Jersey|COOP|287131
6.1|1931-01-01|1958-05-01|40.43333|RUNYON, NJ US|0.9758|COOP:287825|METERS|-74.33333|New Jersey|COOP|287825
31.4|1931-01-01|2013-12-01|41.0139|WOODCLIFF LAKE, NJ US|0.9538|COOP:289832|METERS|-74.0425|New Jersey|COOP|289832
20.7|1931-01-01|2020-07-19|40.35958|LAMBERTVILLE, NJ US|1.0|GHCND:USC00284635|METERS|-74.94461|New Jersey|GHCND|USC00284635
6.7|1931-01-01|1959-06-01|40.4675|FORT HANCOCK COAST GUARD STATION, NJ US|0.9651|COOP:287869|METERS|-74.0091|New Jersey|COOP|287869
237.1|1931-01-01|2014-01-01|41.02996|CHARLOTTEBURG RESERVOIR, NJ US|0.9779|COOP:281582|METERS|-74.42477|New Jersey|COOP|281582
18.3|1931-01-01|2002-02-01|39.97083|PEMBERTON, NJ US|0.9638|COOP:286843|METERS|-74.68278|New Jersey|COOP|286843
80.8|1931-01-01|2015-11-01|40.57401|FLEMINGTON 5 NNW, NJ US|0.9784|COOP:283029|METERS|-74.88156|New Jersey|COOP|283029
11.9|1931-01-01|1959-06-01|40.23333|TRENTON NOTTINGHAMWA, NJ US|0.9709|COOP:288878|METERS|-74.76667|New Jersey|COOP|288878
85.3|1931-01-01|2012-08-01|40.89174|BOONTON 1 SE, NJ US|0.9742|COOP:280907|METERS|-74.39635|New Jersey|COOP|280907
184.4|1931-01-01|2004-09-01|41.05528|NEWTON, NJ US|0.9254|COOP:286177|METERS|-74.75917|New Jersey|COOP|286177
232.0|1931-01-01|1953-12-01|41.16667|CULVERS LAKE, NJ US|0.9529|COOP:282130|METERS|-74.78333|New Jersey|COOP|282130
54.9|1931-01-01|1977-06-01|40.68333|PHILLIPSBURG, NJ US|0.9858|COOP:286974|METERS|-75.18333|New Jersey|COOP|286974
27.4|1931-01-01|2015-11-01|40.6036|PLAINFIELD, NJ US|0.9539|COOP:287079|METERS|-74.4025|New Jersey|COOP|287079
13.7|1931-01-01|2012-12-01|39.9512|MOORESTOWN, NJ US|0.9807|COOP:285728|METERS|-74.9696|New Jersey|COOP|285728
54.9|1931-01-01|2020-05-31|40.7436|CANOE BROOK, NJ US|1.0|GHCND:USC00281335|METERS|-74.3539|New Jersey|GHCND|USC00281335
41.1|1931-01-01|1997-05-01|40.74194|JERSEY CITY, NJ US|0.9511|COOP:284339|METERS|-74.05722|New Jersey|COOP|284339
203.3|1931-01-01|2015-11-01|41.2214|SUSSEX 3 WNW, NJ US|0.949|COOP:288644|METERS|-74.66261|New Jersey|COOP|288644
167.6|1931-01-01|2004-08-01|40.7875|LONG VALLEY, NJ US|0.9672|COOP:285003|METERS|-74.77889|New Jersey|COOP|285003
30.5|1931-01-01|2015-11-01|40.26639|HIGHTSTOWN 2 W, NJ US|0.9755|COOP:283951|METERS|-74.56417|New Jersey|COOP|283951
54.9|1931-02-01|2015-11-01|40.7436|CANOE BROOK, NJ US|0.9745|COOP:281335|METERS|-74.3539|New Jersey|COOP|281335
59.1|1931-10-01|2015-11-01|40.31358|FREEHOLD MARLBORO, NJ US|0.8238|COOP:283181|METERS|-74.25106|New Jersey|COOP|283181
19.2|1935-04-01|1942-12-31|39.96667|MERCHANTVILLE, NJ US|0.9995|GHCND:USC00286350|METERS|-75.06667|New Jersey|GHCND|USC00286350
131.1|1840-02-01|2020-07-19|40.2258|CARLISLE WATER PLANT, PA US|1.0|GHCND:USC00361920|METERS|-77.1894|Pennsylvania|GHCND|USC00361920
143.0|1846-09-01|1980-09-30|40.2|CARLISLE, PA US|0.6346|GHCND:USC00361234|METERS|-77.21667|Pennsylvania|GHCND|USC00361234
88.1|1858-02-01|1973-02-28|40.33333|READING, PA US|0.912|GHCND:USW00014767|METERS|-75.96667|Pennsylvania|GHCND|USW00014767
320.0|1872-05-01|1952-05-31|39.63333|MORGANTOWN 1, WV US|0.846|GHCND:USC00466207|METERS|-79.95|Pennsylvania|GHCND|USC00466207
149.0|1884-09-01|1969-09-30|40.43333|QUAKERTOWN, PA US|0.8649|GHCND:USC00367239|METERS|-75.33333|Pennsylvania|GHCND|USC00367239
317.0|1884-11-01|2020-07-16|41.1922|CLARION 3 SW, PA US|1.0|GHCND:USC00361485|METERS|-79.4361|Pennsylvania|GHCND|USC00361485
231.6|1885-12-01|1930-12-31|40.15|LOCK NUMBER 4, PA US|0.9994|GHCND:USC00365101|METERS|-79.9|Pennsylvania|GHCND|USC00365101
250.5|1888-01-01|2016-12-13|42.0025|CHEMUNG, NY US|1.0|GHCND:USC00301413|METERS|-76.6384|Pennsylvania|GHCND|USC00301413
240.2|1888-01-01|2010-12-31|39.78333|GREENSBORO LOCK 7, PA US|1.0|GHCND:USC00363503|METERS|-79.91667|Pennsylvania|GHCND|USC00363503
120.1|1888-07-01|1942-06-30|40.26667|HARRISBURG, PA US|1.0|GHCND:USC00363711|METERS|-76.88333|Pennsylvania|GHCND|USC00363711
88.4|1890-01-01|1945-06-29|40.2548|HARRISBURG RIVER GAGE, PA US|0.8927|GHCND:USC00363706|METERS|-76.8861|Pennsylvania|GHCND|USC00363706
291.4|1890-07-01|2015-11-01|39.915|UNIONTOWN 1 NE, PA US|0.6671|COOP:369050|METERS|-79.7191|Pennsylvania|COOP|369050
167.9|1890-11-01|1977-10-31|41.13333|LOCK HAVEN, PA US|0.9483|GHCND:USC00365104|METERS|-77.41667|Pennsylvania|GHCND|USC00365104
219.5|1890-11-01|1922-08-31|40.483333|DAVIS ISLAND DAM, PA US|0.9975|GHCND:USC00362041|METERS|-80.066667|Pennsylvania|GHCND|USC00362041
312.4|1891-01-01|1905-03-31|40.633333|OIL CITY, PA US|1.0|GHCND:USC00366531|METERS|-79.75|Pennsylvania|GHCND|USC00366531
238.7|1891-01-01|2020-07-19|40.683|SCHENLEY LOCK 5, PA US|1.0|GHCND:USC00367863|METERS|-79.6684|Pennsylvania|GHCND|USC00367863
405.7|1892-01-01|1981-01-31|39.83333|CONFLUENCE 1 NW, PA US|0.9981|GHCND:USC00361710|METERS|-79.36667|Pennsylvania|GHCND|USC00361710
349.9|1892-01-01|1951-04-30|41.1|PARKER, PA US|0.9902|GHCND:USC00366719|METERS|-79.66667|Pennsylvania|GHCND|USC00366719
370.0|1892-01-01|2010-12-31|40.33333|JOHNSTOWN, PA US|1.0|GHCND:USC00364385|METERS|-78.91667|Pennsylvania|GHCND|USC00364385
374.9|1892-05-01|1942-12-31|41.166667|BROOKVILLE, PA US|0.8947|GHCND:USC00361001|METERS|-79.083333|Pennsylvania|GHCND|USC00361001
251.5|1892-05-01|2020-01-31|41.0172|NEW CASTLE 1 N, PA US|1.0|GHCND:USC00366233|METERS|-80.3615|Pennsylvania|GHCND|USC00366233
164.9|1892-11-01|1982-03-31|39.83333|GETTYSBURG, PA US|0.9199|GHCND:USC00363218|METERS|-77.23333|Pennsylvania|GHCND|USC00363218
356.6|1893-01-01|2020-07-19|40.7933|STATE COLLEGE, PA US|1.0|GHCND:USC00368449|METERS|-77.8672|Pennsylvania|GHCND|USC00368449
438.9|1893-01-01|2010-12-31|41.91667|CORRY, PA US|1.0|GHCND:USC00361790|METERS|-79.63333|Pennsylvania|GHCND|USC00361790
25.9|1893-01-01|2020-05-31|40.12113|PHOENIXVILLE 1 E, PA US|1.0|GHCND:USC00366927|METERS|-75.49415|Pennsylvania|GHCND|USC00366927
114.3|1893-01-01|2017-05-31|39.9708|WEST CHESTER 2 NW, PA US|1.0|GHCND:USC00369464|METERS|-75.635|Pennsylvania|GHCND|USC00369464
201.2|1893-01-01|2010-12-31|41.23333|WILKES BARRE, PA US|1.0|GHCND:USC00369702|METERS|-75.88333|Pennsylvania|GHCND|USC00369702
176.8|1893-01-01|2020-07-17|41.3891|PORT JERVIS, NY US|1.0|GHCND:USC00306774|METERS|-74.6905|Pennsylvania|GHCND|USC00306774
259.1|1893-01-01|1952-08-31|40.45|SALTSBURG, PA US|0.8925|GHCND:USC00367796|METERS|-79.48333|Pennsylvania|GHCND|USC00367796
249.9|1893-01-01|1895-12-27|40.932564|MAHONING, PA US|1.0|GHCND:USC00365347|METERS|-79.45921|Pennsylvania|GHCND|USC00365347
275.8|1893-01-01|2010-12-31|39.66667|EDGEMONT, MD US|1.0|GHCND:USC00182770|METERS|-77.55|Pennsylvania|GHCND|USC00182770
607.2|1893-01-01|1923-10-31|40.1025|STOYESTOWN, PA US|0.1243|GHCND:USC00368558|METERS|-78.952333|Pennsylvania|GHCND|USC00368558
457.2|1893-01-01|1927-12-31|41.416667|HAMLIN, PA US|0.3167|GHCND:USC00363651|METERS|-75.4|Pennsylvania|GHCND|USC00363651
213.4|1893-01-01|1936-05-31|40.668333|BEAVER DAM, PA US|0.9903|GHCND:USC00360464|METERS|-80.351667|Pennsylvania|GHCND|USC00360464
18.3|1893-01-01|1949-12-31|40.36667|LAMBERTVILLE RIVER, PA US|0.943|GHCND:USC00284653|METERS|-74.95|Pennsylvania|GHCND|USC00284653
106.7|1893-01-01|1902-11-30|39.933333|WESTTOWN, PA US|0.7996|GHCND:USC00369500|METERS|-75.55|Pennsylvania|GHCND|USC00369500
317.0|1893-01-01|2010-12-31|41.68333|LE ROY, PA US|1.0|GHCND:USC00364972|METERS|-76.71667|Pennsylvania|GHCND|USC00364972
368.8|1893-01-01|2020-07-19|41.8467|WARREN, PA US|1.0|GHCND:USC00369298|METERS|-79.1494|Pennsylvania|GHCND|USC00369298
111.9|1893-01-01|1900-04-30|40.5|AQUEDUCT, PA US|1.0|GHCND:USC00360212|METERS|-77.016667|Pennsylvania|GHCND|USC00360212
335.3|1893-01-01|1903-03-31|41.633333|DYBERRY, PA US|0.9995|GHCND:USC00362331|METERS|-75.3|Pennsylvania|GHCND|USC00362331
420.6|1893-01-01|1999-04-30|41.74167|WELLSBORO, PA US|0.3809|GHCND:USC00369407|METERS|-77.31222|Pennsylvania|GHCND|USC00369407
426.7|1893-01-01|1897-09-30|41.366667|BLOOMING GROVE, PA US|0.8601|GHCND:USC00360751|METERS|-75.15|Pennsylvania|GHCND|USC00360751
235.0|1893-01-01|1948-04-30|40.21667|WEST NEWTON, PA US|0.9986|GHCND:USC00369555|METERS|-79.76667|Pennsylvania|GHCND|USC00369555
414.5|1893-01-01|2020-07-19|41.4196|RIDGWAY, PA US|1.0|GHCND:USC00367477|METERS|-78.74921|Pennsylvania|GHCND|USC00367477
371.9|1893-01-01|1962-10-31|41.86667|EDINBORO, PA US|0.2841|GHCND:USC00362514|METERS|-80.13333|Pennsylvania|GHCND|USC00362514
458.1|1893-01-01|1967-09-30|40.5|ALTOONA HORSESHOE CU, PA US|0.9889|GHCND:USC00360134|METERS|-78.48333|Pennsylvania|GHCND|USC00360134
433.1|1893-01-01|1950-09-30|40.23333|LYCIPPUS 1 E, PA US|0.9741|GHCND:USC00365259|METERS|-79.4|Pennsylvania|GHCND|USC00365259
128.0|1893-01-01|2020-07-19|40.7831|SELINSGROVE 2 S, PA US|1.0|GHCND:USC00367931|METERS|-76.8617|Pennsylvania|GHCND|USC00367931
442.0|1893-01-01|1905-06-30|40.9|GRAMPIAN, PA US|0.7871|GHCND:USC00363413|METERS|-78.7|Pennsylvania|GHCND|USC00363413
61.0|1893-03-01|1897-06-30|40.233333|SKIPPACK, PA US|0.25|GHCND:USC00368161|METERS|-75.4|Pennsylvania|GHCND|USC00368161
253.0|1893-11-01|1954-08-31|40.86667|JIM THORPE, PA US|0.974|GHCND:USC00365479|METERS|-75.75|Pennsylvania|GHCND|USC00365479
201.2|1893-12-01|1908-06-30|40.5|SOUTH EATON, PA US|0.9946|GHCND:USC00368303|METERS|-76.916667|Pennsylvania|GHCND|USC00368303
460.2|1893-12-01|2013-07-31|41.96667|SHINGLEHOUSE, PA US|0.0759|GHCND:USC00368066|METERS|-78.18333|Pennsylvania|GHCND|USC00368066
353.9|1894-01-01|1956-07-31|41.51667|EMPORIUM 1 E, PA US|0.9947|GHCND:USC00362633|METERS|-78.21667|Pennsylvania|GHCND|USC00362633
36.6|1894-01-01|1956-09-30|40.25|POTTSTOWN, PA US|0.7384|GHCND:USC00367149|METERS|-75.65|Pennsylvania|GHCND|USC00367149
112.5|1894-01-01|2020-07-19|40.55156|HAMBURG, PA US|1.0|GHCND:USC00363632|METERS|-75.99105|Pennsylvania|GHCND|USC00363632
|1894-01-01|1920-03-31|40.13333|BROWERS LOCK, PA US|0.9907|GHCND:USC00361017||-75.45|Pennsylvania|GHCND|USC00361017
118.9|1894-01-01|2016-03-01|39.91667|YORK 3 SSW PUMP STATION, PA US|1.0|GHCND:USC00369933|METERS|-76.75|Pennsylvania|GHCND|USC00369933
447.8|1894-01-01|1951-09-30|41.81667|SMETHPORT, PA US|0.4503|GHCND:USC00368190|METERS|-78.43333|Pennsylvania|GHCND|USC00368190
36.6|1894-01-01|1916-04-30|40.0|PHILADELPHIA CENTENNIAL AVENUE, PA US|0.9891|GHCND:USC00366914|METERS|-75.183333|Pennsylvania|GHCND|USC00366914
317.0|1894-01-01|1951-09-30|41.65|HONESDALE 5 NNW, PA US|0.1688|GHCND:USC00364044|METERS|-75.26667|Pennsylvania|GHCND|USC00364044
57.9|1894-01-01|1906-04-30|39.9055|SWARTHMORE, PA US|0.8384|GHCND:USC00368717|METERS|-75.35|Pennsylvania|GHCND|USC00368717
78.9|1894-01-01|1974-07-31|40.05|LANCASTER, PA US|0.8408|GHCND:USC00364758|METERS|-76.28333|Pennsylvania|GHCND|USC00364758
208.8|1894-01-01|2012-06-30|40.5153|HUNTINGDON, PA US|1.0|GHCND:USC00364159|METERS|-78.0025|Pennsylvania|GHCND|USC00364159
301.8|1894-01-01|1951-09-30|40.43883|HOLLIDAYSBURG 2 NW, PA US|0.1458|GHCND:USC00364001|METERS|-78.41726|Pennsylvania|GHCND|USC00364001
103.6|1894-01-01|1909-10-31|40.683333|EASTON 1, PA US|1.0|GHCND:USC00362425|METERS|-75.216667|Pennsylvania|GHCND|USC00362425
110.0|1894-01-01|1964-06-30|40.6|BETHLEHEM LEHIGH UNI, PA US|0.8664|GHCND:USC00360634|METERS|-75.36667|Pennsylvania|GHCND|USC00360634
134.1|1894-01-01|1950-03-30|40.966667|LEWISBURG, PA US|0.7245|GHCND:USC00364979|METERS|-76.866667|Pennsylvania|GHCND|USC00364979
291.4|1894-01-01|2018-06-30|39.915|UNIONTOWN 1 NE, PA US|1.0|GHCND:USC00369050|METERS|-79.7191|Pennsylvania|GHCND|USC00369050
574.5|1894-01-01|1907-12-31|40.4|CASSANDRA, PA US|1.0|GHCND:USC00361282|METERS|-78.633333|Pennsylvania|GHCND|USC00361282
655.9|1894-01-01|1958-11-30|40.01667|SOMERSET WATER WORKS, PA US|0.9783|GHCND:USC00368249|METERS|-79.08333|Pennsylvania|GHCND|USC00368249
180.1|1894-01-01|1962-09-30|40.35|LEBANON 4 WNW, PA US|0.9673|GHCND:USC00364891|METERS|-76.48333|Pennsylvania|GHCND|USC00364891
344.4|1894-01-01|2010-12-31|41.41667|GREENVILLE 2 NE, PA US|1.0|GHCND:USC00363526|METERS|-80.36667|Pennsylvania|GHCND|USC00363526
331.9|1894-01-01|1951-08-31|40.86667|RINGTOWN, PA US|0.9177|GHCND:USC00367497|METERS|-76.23333|Pennsylvania|GHCND|USC00367497
185.9|1894-01-01|1943-06-30|41.073333|BLOOMSBURG NEAR, PA US|0.823|GHCND:USC00360753|METERS|-76.421667|Pennsylvania|GHCND|USC00360753
9.1|1894-01-01|1985-09-30|39.95|DREXEL UNIVERSITY, PA US|0.287|GHCND:USC00362236|METERS|-75.18333|Pennsylvania|GHCND|USC00362236
103.6|1894-01-01|1924-11-30|39.85|KENNETT SQUARE, PA US|0.8761|GHCND:USC00364533|METERS|-75.716667|Pennsylvania|GHCND|USC00364533
158.5|1894-01-01|1900-12-31|40.516667|COOPERSBURG, PA US|1.0|GHCND:USC00361766|METERS|-75.4|Pennsylvania|GHCND|USC00361766
195.1|1894-01-01|2020-03-31|39.9353|CHAMBERSBURG 1 ESE, PA US|1.0|GHCND:USC00361354|METERS|-77.6394|Pennsylvania|GHCND|USC00361354
340.2|1894-01-01|1927-12-31|41.716667|SAEGERSTOWN, PA US|0.9658|GHCND:USC00367734|METERS|-80.116667|Pennsylvania|GHCND|USC00367734
533.4|1894-01-01|2020-07-19|41.6767|KANE 1 NNE, PA US|1.0|GHCND:USC00364432|METERS|-78.8036|Pennsylvania|GHCND|USC00364432
103.9|1894-01-01|1982-11-30|39.96667|COATESVILLE 1 SW, PA US|0.9991|GHCND:USC00361589|METERS|-75.83333|Pennsylvania|GHCND|USC00361589
231.6|1894-10-01|2020-07-18|41.7511|TOWANDA 1 S, PA US|1.0|GHCND:USC00368905|METERS|-76.443|Pennsylvania|GHCND|USC00368905
237.7|1895-01-01|2016-03-01|41.5217|CEDAR RUN RIVER, PA US|1.0|GHCND:USC00361301|METERS|-77.4478|Pennsylvania|GHCND|USC00361301
141.7|1895-01-01|1926-09-30|40.856667|SUNBURY, PA US|0.681|GHCND:USC00368662|METERS|-76.7675|Pennsylvania|GHCND|USC00368662
249.9|1895-01-01|1951-09-30|41.3421|DRIFTWOOD, PA US|0.3793|GHCND:USC00362245|METERS|-78.1401|Pennsylvania|GHCND|USC00362245
195.1|1895-01-01|1956-02-29|41.35|COGAN STATION 2 N, PA US|0.3242|GHCND:USC00361631|METERS|-77.1|Pennsylvania|GHCND|USC00361631
190.2|1895-01-01|1920-11-30|41.304667|WATERVILLE, PA US|0.2904|GHCND:USC00369328|METERS|-77.356667|Pennsylvania|GHCND|USC00369328
232.0|1895-01-01|1953-02-28|40.61667|SPRUCE CREEK, PA US|0.1326|GHCND:USC00368405|METERS|-78.15|Pennsylvania|GHCND|USC00368405
177.7|1895-01-01|1899-11-30|41.166667|FARRANDSVILLE, PA US|0.9995|GHCND:USC00362772|METERS|-77.5|Pennsylvania|GHCND|USC00362772
201.2|1895-01-01|2020-07-19|41.3299|RENOVO, PA US|1.0|GHCND:USC00367409|METERS|-77.7381|Pennsylvania|GHCND|USC00367409
149.4|1895-01-01|1905-04-30|40.566667|MIFFLIN, PA US|1.0|GHCND:USC00365720|METERS|-77.4|Pennsylvania|GHCND|USC00365720
293.8|1895-01-01|1899-05-31|41.45|CAMERON, PA US|0.9997|GHCND:USC00361180|METERS|-78.2|Pennsylvania|GHCND|USC00361180
271.3|1895-01-01|1972-05-31|41.1157|KARTHAUS RIVER, PA US|0.4594|GHCND:USC00364450|METERS|-78.1121|Pennsylvania|GHCND|USC00364450
150.9|1895-02-01|1949-10-31|41.2358|WILLIAMSPORT RIVER, PA US|0.9529|GHCND:USC00369733|METERS|-76.9974|Pennsylvania|GHCND|USC00369733
378.0|1895-03-01|1924-12-31|40.059833|WHITE HAVEN, PA US|0.5418|GHCND:USC00369650|METERS|-75.773667|Pennsylvania|GHCND|USC00369650
108.5|1895-05-01|1902-08-31|40.398142|DUNCANNON, PA US|0.9998|GHCND:USC00362290|METERS|-77.023033|Pennsylvania|GHCND|USC00362290
402.3|1895-06-01|1942-02-28|40.85|CENTRE HALL, PA US|0.8949|GHCND:USC00361324|METERS|-77.683333|Pennsylvania|GHCND|USC00361324
175.9|1895-07-01|1904-12-31|40.990642|EAST BLOOMSBURG, PA US|0.9909|GHCND:USC00362358|METERS|-76.434945|Pennsylvania|GHCND|USC00362358
347.5|1896-02-01|2014-05-01|41.01667|CANFIELD 1 S, OH US|1.0|GHCND:USC00331245|METERS|-80.76667|Pennsylvania|GHCND|USC00331245
200.9|1871-01-01|1957-11-12|41.5|CLEVELAND WEATHER BUREAU CITY, OH US|0.9022|GHCND:USC00331662|METERS|-81.66667|Ohio|GHCND|USC00331662
182.9|1871-01-01|2010-12-31|41.65|TOLEDO BLADE, OH US|1.0|GHCND:USC00338366|METERS|-83.53333|Ohio|GHCND|USC00338366
201.2|1878-02-01|2004-04-30|40.27528|WELLSBURG WATER TREATMENT P, WV US|0.7697|GHCND:USC00469368|METERS|-80.61194|Ohio|GHCND|USC00469368
165.8|1887-07-01|1916-12-31|38.46667|CATLETTSBURG, OH US|0.9999|GHCND:USC00151386|METERS|-82.58333|Ohio|GHCND|USC00151386
213.4|1887-08-01|1962-04-30|39.9125|ZANESVILLE WWTP, OH US|0.8384|GHCND:USC00339422|METERS|-82.0042|Ohio|GHCND|USC00339422
411.5|1889-02-01|2015-11-01|40.76667|MANSFIELD 5 W, OH US|0.8713|COOP:334874|METERS|-82.61667|Ohio|COOP|334874
207.0|1891-12-01|1957-09-30|38.41667|HUNTINGTON 1, WV US|0.9279|GHCND:USC00464378|METERS|-82.36667|Ohio|GHCND|USC00464378
205.7|1892-09-01|2020-07-19|40.5261|NEW CUMBERLAND L D, OH US|1.0|GHCND:USC00466442|METERS|-80.6275|Ohio|GHCND|USC00466442
303.6|1892-12-01|1896-06-30|40.65|CALEDONIA, OH US|1.0|GHCND:USC00331185|METERS|-82.983333|Ohio|GHCND|USC00331185
261.5|1893-01-01|2020-07-17|39.3418|GREENFIELD WWTP, OH US|0.3632|GHCND:USC00333356|METERS|-83.3766|Ohio|GHCND|USC00333356
253.0|1893-01-01|1916-04-30|40.66667|CLINTON, OH US|1.0|GHCND:USC00201634|METERS|-83.96667|Ohio|GHCND|USC00201634
243.8|1893-01-01|1901-03-31|39.55|SPRINGBORO, OH US|0.9806|GHCND:USC00337920|METERS|-84.25|Ohio|GHCND|USC00337920
362.7|1893-01-01|1987-10-31|40.61667|CARROLLTON 3 NNE, OH US|0.5659|GHCND:USC00331315|METERS|-81.06667|Ohio|GHCND|USC00331315
304.8|1893-01-01|1923-03-31|41.216667|NORTH ROYALTON, OH US|0.981|GHCND:USC00336085|METERS|-81.75|Ohio|GHCND|USC00336085
297.2|1893-01-01|1912-03-31|39.5|JACKSONBURG, OH US|0.944|GHCND:USC00334006|METERS|-84.16667|Ohio|GHCND|USC00334006
262.4|1893-01-01|2020-05-31|40.1525|PIQUA, OH US|1.0|GHCND:USC00336645|METERS|-84.2372|Ohio|GHCND|USC00336645
245.4|1893-01-01|1902-12-31|41.433333|BINOLA, OH US|1.0|GHCND:USC00330728|METERS|-81.766667|Ohio|GHCND|USC00330728
264.6|1893-01-01|1901-05-31|39.566667|NEW HOLLAND, OH US|1.0|GHCND:USC00335830|METERS|-83.25|Ohio|GHCND|USC00335830
259.1|1893-01-01|1963-12-31|40.08333|CAMBRIDGE STATE HOSPITAL, OH US|1.0|GHCND:USC00331202|METERS|-81.58333|Ohio|GHCND|USC00331202
371.9|1893-01-01|1988-08-31|40.08333|ALEXANDRIA 4 WSW, OH US|0.8293|GHCND:USC00330083|METERS|-82.68333|Ohio|GHCND|USC00330083
301.8|1893-01-01|1912-02-29|40.966667|RITTMAN, OH US|0.9873|GHCND:USC00337145|METERS|-81.733333|Ohio|GHCND|USC00337145
173.7|1893-01-01|1915-01-31|39.216667|CAMP DENISON, OH US|0.985|GHCND:USC00331220|METERS|-84.283333|Ohio|GHCND|USC00331220
274.3|1893-01-01|2020-07-17|41.2019|WARREN 3 S, OH US|1.0|GHCND:USC00338769|METERS|-80.8105|Ohio|GHCND|USC00338769
191.1|1893-01-01|1899-09-30|40.65|HACKNEY, OH US|1.0|GHCND:USC00333460|METERS|-82.65|Ohio|GHCND|USC00333460
288.3|1893-01-01|1901-09-30|40.683333|BIG PRAIRIE, OH US|0.9625|GHCND:USC00330715|METERS|-82.1|Ohio|GHCND|USC00330715
253.0|1893-01-01|1963-02-17|39.43333|MARIETTA WATER WORKS, OH US|0.8973|GHCND:USC00334929|METERS|-81.46667|Ohio|GHCND|USC00334929
335.3|1893-01-01|1913-08-31|40.9|NEW BERLIN, OH US|1.0|GHCND:USC00335750|METERS|-81.45|Ohio|GHCND|USC00335750
227.1|1893-01-01|1922-07-31|39.416667|FRANKFORT, OH US|0.989|GHCND:USC00332920|METERS|-83.166667|Ohio|GHCND|USC00332920
189.0|1893-01-01|1952-06-30|39.53333|LOWELL LOCK 3, OH US|0.1429|GHCND:USC00334736|METERS|-81.51667|Ohio|GHCND|USC00334736
301.8|1893-01-01|1903-01-31|39.4|BETHANY, OH US|0.992|GHCND:USC00330663|METERS|-84.4|Ohio|GHCND|USC00330663
212.1|1893-01-01|1917-10-29|38.933333|THURMAN, OH US|1.0|GHCND:USC00338308|METERS|-82.45|Ohio|GHCND|USC00338308
304.8|1893-01-01|1913-09-30|39.966667|GRATIOT, OH US|1.0|GHCND:USC00333326|METERS|-82.2|Ohio|GHCND|USC00333326
225.9|1893-01-01|1900-09-30|41.45|RIDGEVILLE CORNERS, OH US|0.9791|GHCND:USC00337080|METERS|-84.266667|Ohio|GHCND|USC00337080
240.8|1893-01-01|2020-07-19|40.8494|VAN WERT 1 S, OH US|1.0|GHCND:USC00338609|METERS|-84.5808|Ohio|GHCND|USC00338609
340.2|1893-01-01|1898-05-31|41.4|BISSELLS, OH US|0.9853|GHCND:USC00330745|METERS|-81.366667|Ohio|GHCND|USC00330745
317.0|1893-01-01|1959-06-30|41.0247|ELLSWORTH, OH US|0.5364|GHCND:USC00332580|METERS|-80.854|Ohio|GHCND|USC00332580
305.1|1893-01-01|1949-01-31|41.53333|COLEBROOK, OH US|0.3076|GHCND:USC00331755|METERS|-80.76667|Ohio|GHCND|USC00331755
317.0|1893-01-01|1978-02-28|40.31667|SIDNEY 2 N, OH US|0.9395|GHCND:USC00337700|METERS|-84.16667|Ohio|GHCND|USC00337700
213.4|1893-01-01|2020-07-14|41.2783|DEFIANCE, OH US|1.0|GHCND:USC00332098|METERS|-84.3847|Ohio|GHCND|USC00332098
306.3|1893-01-01|1915-09-30|41.3|GARRETTSVILLE, OH US|0.9893|GHCND:USC00333085|METERS|-81.116667|Ohio|GHCND|USC00333085
308.2|1893-01-01|1917-10-31|40.5|CARDINGTON, OH US|0.8256|GHCND:USC00331278|METERS|-82.9|Ohio|GHCND|USC00331278
315.5|1893-01-01|1903-10-31|39.76667|CEDARVILLE NUMBER 1, OH US|0.9389|GHCND:USC00331383|METERS|-83.81667|Ohio|GHCND|USC00331383
320.0|1893-01-01|1967-12-31|40.86667|ASHLAND, OH US|0.8378|GHCND:USC00330251|METERS|-82.3|Ohio|GHCND|USC00330251
337.7|1893-01-01|1894-04-30|40.2|UNION CITY, OH US|0.8786|GHCND:USC00128956|METERS|-84.8|Ohio|GHCND|USC00128956
333.8|1893-01-01|1909-06-30|40.683333|NORTH LEWISBURG, OH US|0.9499|GHCND:USC00336075|METERS|-83.566667|Ohio|GHCND|USC00336075
288.0|1893-01-01|1909-04-17|41.333333|ORANGEVILLE, OH US|0.9596|GHCND:USC00336333|METERS|-80.55|Ohio|GHCND|USC00336333
313.9|1893-01-01|2020-07-18|40.1032|GREENVILLE WATER PLANT, OH US|1.0|GHCND:USC00333375|METERS|-84.6504|Ohio|GHCND|USC00333375
246.6|1893-01-01|1903-10-31|39.75|WALNUT, OH US|1.0|GHCND:USC00338730|METERS|-82.85|Ohio|GHCND|USC00338730
304.8|1893-01-01|1901-04-30|41.15|LORDSTOWN, OH US|0.9996|GHCND:USC00334700|METERS|-80.866667|Ohio|GHCND|USC00334700
286.2|1893-01-01|1946-12-31|38.83333|CHERRY FORK, OH US|0.2099|GHCND:USC00331497|METERS|-83.56667|Ohio|GHCND|USC00331497
303.9|1893-01-01|1920-12-31|41.733333|HILL HOUSE, OH US|0.9971|GHCND:USC00333750|METERS|-81.016667|Ohio|GHCND|USC00333750
303.9|1893-01-01|2020-07-17|40.64851|KENTON, OH US|1.0|GHCND:USC00334189|METERS|-83.606|Ohio|GHCND|USC00334189
345.9|1893-01-01|1925-06-30|40.73333|GREEN HILL, OH US|0.9977|GHCND:USC00333362|METERS|-81.01667|Ohio|GHCND|USC00333362
225.9|1893-01-01|1903-10-31|41.51667|BEMENT, OH US|0.9466|GHCND:USC00330610|METERS|-81.01667|Ohio|GHCND|USC00330610
331.3|1893-01-01|1919-02-28|40.516667|KILLBUCK, OH US|0.9717|GHCND:USC00334220|METERS|-81.983333|Ohio|GHCND|USC00334220
225.6|1893-01-01|1944-10-31|39.25|MCARTHUR, OH US|0.6602|GHCND:USC00335021|METERS|-82.48333|Ohio|GHCND|USC00335021
344.4|1893-01-01|1918-03-31|39.416667|PLATTSBURG, OH US|0.9673|GHCND:USC00336675|METERS|-83.116667|Ohio|GHCND|USC00336675
290.5|1893-01-01|2020-06-16|39.2334|HILLSBORO, OH US|1.0|GHCND:USC00333758|METERS|-83.6091|Ohio|GHCND|USC00333758
365.8|1893-01-01|1897-07-31|41.383333|AUBURN, OH US|1.0|GHCND:USC00330315|METERS|-81.3|Ohio|GHCND|USC00330315
228.6|1893-02-01|2020-07-19|41.5183|WAUSEON WATER PLANT, OH US|1.0|GHCND:USC00338822|METERS|-84.1452|Ohio|GHCND|USC00338822
335.3|1893-02-01|1912-08-31|40.916667|SHENANDOAH, OH US|1.0|GHCND:USC00337650|METERS|-82.5|Ohio|GHCND|USC00337650
164.6|1893-02-01|2020-07-17|38.7569|PORTSMOUTH SCIOTOVILLE, OH US|1.0|GHCND:USC00336781|METERS|-82.8872|Ohio|GHCND|USC00336781
194.8|1893-02-01|1899-05-31|41.716667|SYLVANIA, OH US|0.9746|GHCND:USC00338180|METERS|-83.7|Ohio|GHCND|USC00338180
243.8|1893-02-01|1926-12-20|41.016667|BENTON RIDGE, OH US|0.9805|GHCND:USC00330622|METERS|-83.816667|Ohio|GHCND|USC00330622
213.4|1893-02-01|1928-02-29|39.533333|WAYNESVILLE, OH US|1.0|GHCND:USC00338870|METERS|-84.066667|Ohio|GHCND|USC00338870
171.0|1893-03-01|1910-06-30|39.03333|POMEROY WATER WORKS, OH US|0.9761|GHCND:USC00336759|METERS|-82.0|Ohio|GHCND|USC00336759
180.1|1893-04-01|1953-03-31|41.36667|VICKERY 2 NW, OH US|0.9931|GHCND:USC00338656|METERS|-82.96667|Ohio|GHCND|USC00338656
260.9|1893-04-01|1911-01-31|41.166667|WELLINGTON, OH US|0.9532|GHCND:USC00338915|METERS|-82.25|Ohio|GHCND|USC00338915
207.9|1893-04-01|1962-05-31|41.3939|NAPOLEON, OH US|0.9988|GHCND:USC00335664|METERS|-84.1144|Ohio|GHCND|USC00335664
183.8|1893-04-01|1901-11-30|41.416667|VERMILLION, OH US|1.0|GHCND:USC00338630|METERS|-82.383333|Ohio|GHCND|USC00338630
335.3|1893-05-01|1916-02-29|40.3|BLADENSBURG, OH US|0.8322|GHCND:USC00330775|METERS|-82.3|Ohio|GHCND|USC00330775
291.1|1893-05-01|2020-07-19|40.8126|BUCYRUS, OH US|1.0|GHCND:USC00331072|METERS|-82.9698|Ohio|GHCND|USC00331072
299.0|1893-06-01|1949-11-30|40.58333|MARION, OH US|0.9986|GHCND:USC00334937|METERS|-83.13333|Ohio|GHCND|USC00334937
287.1|1893-06-01|1895-04-30|38.883333|GEORGETOWN, OH US|0.7838|GHCND:USC00333100|METERS|-83.883333|Ohio|GHCND|USC00333100
310.9|1893-06-01|1909-08-31|39.433333|CLARKSVILLE, OH US|1.0|GHCND:USC00331618|METERS|-83.983333|Ohio|GHCND|USC00331618
262.1|1893-06-01|2020-03-06|41.58599|MONTPELIER, OH US|1.0|GHCND:USC00335438|METERS|-84.62341|Ohio|GHCND|USC00335438
310.9|1893-06-01|2020-06-30|40.7833|WOOSTER EXPERIMENTAL STATION, OH US|1.0|GHCND:USC00339312|METERS|-81.9167|Ohio|GHCND|USC00339312
374.9|1893-06-01|2020-05-31|41.30722|HIRAM, OH US|1.0|GHCND:USC00333780|METERS|-81.01333|Ohio|GHCND|USC00333780
384.0|1893-06-01|2010-12-31|40.26861|CADIZ, OH US|1.0|GHCND:USC00331152|METERS|-80.99806|Ohio|GHCND|USC00331152
234.1|1893-06-01|2020-07-12|41.0461|FINDLAY WPCC, OH US|1.0|GHCND:USC00332791|METERS|-83.6622|Ohio|GHCND|USC00332791
310.9|1893-06-01|2015-11-01|40.7833|WOOSTER EXPERIMENTAL STATION, OH US|0.9966|COOP:339312|METERS|-81.9167|Ohio|COOP|339312
174.3|1893-06-01|2020-07-19|39.1114|WAVERLY, OH US|1.0|GHCND:USC00338830|METERS|-82.9797|Ohio|GHCND|USC00338830
269.4|1893-06-01|1937-06-30|40.53333|DOVER, OH US|0.9491|GHCND:USC00332270|METERS|-81.48333|Ohio|GHCND|USC00332270
231.6|1893-06-01|2015-10-01|39.6521|MCCONNELSVILLE LOCK7, OH US|1.0|GHCND:USC00335041|METERS|-81.8561|Ohio|GHCND|USC00335041
248.7|1893-06-01|2020-07-19|41.2802|OBERLIN, OH US|1.0|GHCND:USC00336196|METERS|-82.2187|Ohio|GHCND|USC00336196
208.8|1893-06-01|1980-12-24|39.38333|ATHENS 5 NW, OH US|0.7911|GHCND:USC00330274|METERS|-82.18333|Ohio|GHCND|USC00330274
244.1|1893-06-01|2010-12-31|40.26667|NEWCOMERSTOWN, OH US|1.0|GHCND:USC00335794|METERS|-81.6|Ohio|GHCND|USC00335794
219.5|1893-06-01|2020-04-30|39.7633|DAYTON MCD, OH US|1.0|GHCND:USC00332067|METERS|-84.1911|Ohio|GHCND|USC00332067
232.0|1893-06-01|1957-09-30|40.0|COLUMBUS OHIO STATE, OH US|0.9987|GHCND:USC00331778|METERS|-83.01667|Ohio|GHCND|USC00331778
205.7|1893-06-01|2020-07-18|41.3831|BOWLING GREEN WWTP, OH US|1.0|GHCND:USC00330862|METERS|-83.6111|Ohio|GHCND|USC00330862
152.4|1893-06-01|1924-12-31|39.65|GREEN, OH US|0.9921|GHCND:USC00333345|METERS|-84.65|Ohio|GHCND|USC00333345
292.6|1893-06-01|1934-10-31|40.1|GRANVILLE, OH US|0.994|GHCND:USC00333315|METERS|-82.516667|Ohio|GHCND|USC00333315
356.6|1893-06-01|2013-12-01|40.7692|MILLPORT 2 NW, OH US|0.9751|COOP:335315|METERS|-80.8562|Ohio|COOP|335315
248.7|1893-06-01|2015-11-01|41.2802|OBERLIN, OH US|0.9837|COOP:336196|METERS|-82.2187|Ohio|COOP|336196
225.6|1893-06-01|2012-01-31|41.1167|TIFFIN, OH US|1.0|GHCND:USC00338313|METERS|-83.1667|Ohio|GHCND|USC00338313
260.3|1893-06-01|2013-09-30|40.83333|UPPER SANDUSKY, OH US|1.0|GHCND:USC00338534|METERS|-83.28333|Ohio|GHCND|USC00338534
356.6|1893-06-01|2013-01-31|40.7692|MILLPORT 2 NW, OH US|1.0|GHCND:USC00335315|METERS|-80.8562|Ohio|GHCND|USC00335315
345.0|1893-07-01|1948-09-01|40.86667|CANTON 5 N, OH US|1.0|COOP:331254|METERS|-81.4|Ohio|COOP|331254
266.7|1893-08-01|1923-06-30|39.75|MILLIGAN, OH US|0.8915|GHCND:USC00335310|METERS|-82.1|Ohio|GHCND|USC00335310
316.4|1894-01-01|1943-12-31|40.45|NEW BREMEN, OH US|0.9117|GHCND:USC00335752|METERS|-84.36667|Ohio|GHCND|USC00335752
14.9|1893-01-01|1985-12-31|38.75|BRIDGEVILLE 1 NW, DE US|0.9758|GHCND:USC00071330|METERS|-75.61667|Delaware|GHCND|USC00071330
9.1|1893-01-01|2020-05-31|39.1467|DOVER, DE US|1.0|GHCND:USC00072730|METERS|-75.5055|Delaware|GHCND|USC00072730
6.1|1893-01-01|1954-01-31|38.58333|MILLSBORO, DE US|0.9946|GHCND:USC00076020|METERS|-75.31667|Delaware|GHCND|USC00076020
10.7|1893-05-01|2010-12-31|38.8983|MILFORD 2 SE, DE US|1.0|GHCND:USC00075915|METERS|-75.425|Delaware|GHCND|USC00075915
32.3|1894-01-01|2010-12-31|39.6682|NEWARK AG FARM, DE US|1.0|GHCND:USC00076410|METERS|-75.74569|Delaware|GHCND|USC00076410
31.1|1894-01-01|1958-10-31|39.75|WILMINGTON CITY HALL, DE US|0.9872|GHCND:USC00079600|METERS|-75.55|Delaware|GHCND|USC00079600
3.0|1902-11-01|1954-04-30|39.56667|DELAWARE CITY REEDY, DE US|0.9887|GHCND:USC00072625|METERS|-75.58333|Delaware|GHCND|USC00072625
3.0|1931-01-01|1954-04-01|39.56667|DELAWARE CITY REEDY, DE US|0.9823|COOP:072625|METERS|-75.58333|Delaware|COOP|072625
82.3|1931-01-01|2020-05-31|39.7739|WILMINGTON PORTER RES, DE US|1.0|GHCND:USC00079605|METERS|-75.5414|Delaware|GHCND|USC00079605
6.1|1931-01-01|1954-01-01|38.58333|MILLSBORO, DE US|0.9819|COOP:076020|METERS|-75.31667|Delaware|COOP|076020
14.9|1931-01-01|1985-12-01|38.75|BRIDGEVILLE 1 NW, DE US|0.9803|COOP:071330|METERS|-75.61667|Delaware|COOP|071330
31.1|1931-01-01|1958-10-01|39.75|WILMINGTON CITY HALL, DE US|0.9671|COOP:079600|METERS|-75.55|Delaware|COOP|079600
9.1|1931-01-01|2015-11-01|39.1467|DOVER, DE US|0.9902|COOP:072730|METERS|-75.5055|Delaware|COOP|072730
10.7|1931-01-01|2004-04-01|38.8983|MILFORD 2 SE, DE US|0.7989|COOP:075915|METERS|-75.425|Delaware|COOP|075915
82.3|1931-01-01|2015-11-01|39.7739|WILMINGTON PORTER RES, DE US|0.9902|COOP:079605|METERS|-75.5414|Delaware|COOP|079605
6.1|1937-05-01|1942-12-01|39.46667|ODESSA, DE US|0.9994|COOP:076825|METERS|-75.61667|Delaware|COOP|076825
34.1|1938-10-01|1949-03-31|39.66667|NEWARK PUMPING STATION, DE US|0.9286|GHCND:USC00076405|METERS|-75.75|Delaware|GHCND|USC00076405
34.1|1938-10-01|1949-03-01|39.66667|NEWARK PUMPING STATION, DE US|0.9603|COOP:076405|METERS|-75.75|Delaware|COOP|076405
32.3|1940-05-01|2012-01-01|39.6682|NEWARK AG FARM, DE US|0.9575|COOP:076410|METERS|-75.74569|Delaware|COOP|076410
24.1|1942-08-01|2020-07-20|39.6744|WILMINGTON NEW CASTLE CO AIRPORT, DE US|1.0|WBAN:13781|METERS|-75.60567|Delaware|WBAN|13781
8.5|1942-12-01|2020-07-20|39.13333|DOVER AFB, DE US|1.0|WBAN:13707|METERS|-75.46667|Delaware|WBAN|13707
14.0|1945-01-01|2020-07-18|38.68974|GEORGETOWN DELAWARE COASTAL AIRPORT, DE US|1.0|GHCND:USW00013764|METERS|-75.36253|Delaware|GHCND|USW00013764
3.0|1945-02-01|2020-05-31|38.7841|LEWES, DE US|1.0|GHCND:USC00075320|METERS|-75.1581|Delaware|GHCND|USC00075320
3.0|1945-02-01|2011-12-01|38.7841|LEWES, DE US|0.9627|COOP:075320|METERS|-75.1581|Delaware|COOP|075320
8.5|1946-07-01|1970-12-31|39.13333|DOVER AFB, DE US|0.9994|GHCND:USW00013707|METERS|-75.46667|Delaware|GHCND|USW00013707
13.7|1946-09-01|2010-12-31|38.63333|GEORGETOWN 5 SW, DE US|1.0|GHCND:USC00073570|METERS|-75.45|Delaware|GHCND|USC00073570
13.7|1946-09-01|1997-12-30|38.63333|GEORGETOWN 5 SW, DE US|0.9852|COOP:073570|METERS|-75.45|Delaware|COOP|073570
24.1|1948-01-01|2020-07-19|39.6744|WILMINGTON NEW CASTLE CO AIRPORT, DE US|1.0|GHCND:USW00013781|METERS|-75.60567|Delaware|GHCND|USW00013781
24.1|1948-04-01|2015-11-01|39.6744|WILMINGTON NEW CASTLE CO AIRPORT, DE US|0.9963|COOP:079595|METERS|-75.60567|Delaware|COOP|079595
14.9|1948-06-01|1952-05-01|39.35|SMYRNA 3 NNW, DE US|0.7292|COOP:078510|METERS|-75.63333|Delaware|COOP|078510
14.9|1948-08-01|1952-05-31|39.35|SMYRNA 3 NNW, DE US|0.7495|GHCND:USC00078510|METERS|-75.63333|Delaware|GHCND|USC00078510
11.9|1951-04-01|1952-02-29|39.3|CLAYTON, DE US|0.8177|GHCND:USC00071483|METERS|-75.63333|Delaware|GHCND|USC00071483
11.9|1951-04-01|1951-11-01|39.3|CLAYTON, DE US|0.998|COOP:071483|METERS|-75.63333|Delaware|COOP|071483
16.8|1952-01-01|1988-08-31|39.45|MIDDLETOWN 3 E, DE US|0.9329|GHCND:USC00075852|METERS|-75.66667|Delaware|GHCND|USC00075852
16.8|1952-09-01|1988-08-01|39.45|MIDDLETOWN 3 E, DE US|0.9259|COOP:075852|METERS|-75.66667|Delaware|COOP|075852
9.1|1953-01-01|1953-12-23|38.53333|LAUREL 2 SW, DE US|1.0|GHCND:USC00075217|METERS|-75.56667|Delaware|GHCND|USC00075217
9.1|1953-01-01|1956-01-01|38.53333|LAUREL 2 SW, DE US|1.0|COOP:075217|METERS|-75.56667|Delaware|COOP|075217
9.1|1954-01-01|1970-07-31|38.46667|SELBYVILLE, DE US|0.9994|GHCND:USC00078269|METERS|-75.21667|Delaware|GHCND|USC00078269
9.1|1954-02-01|1970-12-01|38.46667|SELBYVILLE, DE US|0.9854|COOP:078269|METERS|-75.21667|Delaware|COOP|078269
13.7|1986-01-01|2010-06-01|38.8161|GREENWOOD 2 NE, DE US|0.9866|COOP:073595|METERS|-75.5761|Delaware|COOP|073595
13.7|1986-01-01|2010-12-31|38.8161|GREENWOOD 2 NE, DE US|1.0|GHCND:USC00073595|METERS|-75.5761|Delaware|GHCND|USC00073595
|1991-11-12|2020-07-19|38.97628|STERLING, VA US|0.95|NEXRAD:KLWX||-77.48751|Delaware|NEXRAD|KLWX
34.1|1995-01-01|2020-07-19|36.98389|NORFOLK RICH, VA US|0.95|NEXRAD:KAKQ|METERS|-77.0075|Delaware|NEXRAD|KAKQ
45.4|1995-04-26|2020-07-19|39.94694|PHILADELPHIA, NJ US|0.95|NEXRAD:KDIX|METERS|-74.41111|Delaware|NEXRAD|KDIX
15.2|1995-08-15|2020-07-19|38.82556|DOVER AFB, DE US|0.95|NEXRAD:KDOX|METERS|-75.44|Delaware|NEXRAD|KDOX
111.9|1998-06-17|2020-07-19|39.804801940918|WILMINGTON 5.1 NNW, DE US|0.9199|GHCND:US1DENC0031|METERS|-75.5650329589844|Delaware|GHCND|US1DENC0031
105.2|1998-06-17|2020-07-15|39.8166579|WILMINGTON 5.6 N, DE US|0.9021|GHCND:US1DENC0040|METERS|-75.518258|Delaware|GHCND|US1DENC0040
8.2|1998-06-17|2020-07-19|38.640809|SEAFORD 0.6 S, DE US|1.0|GHCND:US1DESS0035|METERS|-75.616761|Delaware|GHCND|US1DESS0035
457.2|2002-11-01|2015-02-25|38.8333|PRIME HOOK DELAWARE, DE US|1.0|GHCND:USR0000DPRI|METERS|-75.3333|Delaware|GHCND|USR0000DPRI
24.4|2003-02-01|2012-12-02|39.5917|BEAR 2 SW, DE US|1.0|GHCND:USC00071200|METERS|-75.7325|Delaware|GHCND|USC00071200
24.4|2003-04-01|2012-12-01|39.5917|BEAR 2 SW, DE US|0.9653|COOP:071200|METERS|-75.7325|Delaware|COOP|071200
12.2|2003-04-01|2003-05-01|38.94472|HARRINGTON 4 NE, DE US|0.998|COOP:073615|METERS|-75.5125|Delaware|COOP|073615
12.2|2003-12-01|2004-06-01|39.29472|SMYRNA 1 W, DE US|1.0|COOP:078508|METERS|-75.61944|Delaware|COOP|078508
12.2|2003-12-01|2004-06-30|39.29472|SMYRNA 1 W, DE US|1.0|GHCND:USC00078508|METERS|-75.61944|Delaware|GHCND|USC00078508
14.0|2005-01-01|2020-07-20|38.68974|GEORGETOWN DELAWARE COASTAL AIRPORT, DE US|1.0|WBAN:13764|METERS|-75.36253|Delaware|WBAN|13764
41.1|2008-12-09|2020-07-18|40.593056|NEWARK, NJ US|0.95|NEXRAD:TEWR|METERS|-74.27|Delaware|NEXRAD|TEWR
34.1|2009-02-19|2020-07-18|40.588889|NEW YORK CITY JFK, NY US|0.95|NEXRAD:TJFK|METERS|-73.881111|Delaware|NEXRAD|TJFK
9.1|2009-03-01|2020-07-14|38.618918|SEAFORD 2.3 SSE, DE US|0.9644|GHCND:US1DESS0006|METERS|-75.598454|Delaware|GHCND|US1DESS0006
104.9|2009-03-25|2020-07-19|38.758889|WASHINGTON NATIONAL, MD US|0.95|NEXRAD:TDCA|METERS|-76.961944|Delaware|NEXRAD|TDCA
143.9|2009-03-25|2020-07-19|39.083889|WASHINGTON DULLES, VA US|0.95|NEXRAD:TIAD|METERS|-77.528889|Delaware|NEXRAD|TIAD
91.1|2009-03-25|2020-07-19|39.09|BALTIMORE WASHINGTON, MD US|0.95|NEXRAD:TBWI|METERS|-76.63|Delaware|NEXRAD|TBWI
104.9|2009-03-25|2020-07-19|38.695|ANDREWS AFB, MD US|0.95|NEXRAD:TADW|METERS|-76.845|Delaware|NEXRAD|TADW
46.9|2009-03-25|2020-07-18|39.948889|PHILADELPHIA, NJ US|0.95|NEXRAD:TPHL|METERS|-75.068889|Delaware|NEXRAD|TPHL
33.8|2009-07-01|2020-07-19|39.624942|NEWARK 3.9 SSW, DE US|0.9999|GHCND:US1DENC0002|METERS|-75.786129|Delaware|GHCND|US1DENC0002
17.7|2009-08-01|2012-04-22|39.097633|MARYDEL 2.4 SE, DE US|1.0|GHCND:US1DEKN0004|METERS|-75.706467|Delaware|GHCND|US1DEKN0004
106.7|2009-08-01|2020-07-19|39.753672|NEWARK 5.3 N, DE US|0.9875|GHCND:US1DENC0001|METERS|-75.751913|Delaware|GHCND|US1DENC0001
12.2|2009-08-01|2020-07-14|39.258266|SMYRNA 2.7 SSE, DE US|1.0|GHCND:US1DEKN0003|METERS|-75.589683|Delaware|GHCND|US1DEKN0003
15.5|2009-08-01|2020-07-19|39.439325|MIDDLETOWN 0.9 SSE, DE US|0.9875|GHCND:US1DENC0004|METERS|-75.707126|Delaware|GHCND|US1DENC0004
14.6|2009-08-01|2009-12-09|38.4863|DELMAR 2.8 NE, DE US|0.998|GHCND:US1DESS0001|METERS|-75.5332|Delaware|GHCND|US1DESS0001
10.7|2009-09-01|2020-07-19|38.6972013|GEORGETOWN 5.8 W, DE US|1.0|GHCND:US1DESS0002|METERS|-75.4931322|Delaware|GHCND|US1DESS0002
12.2|2009-09-01|2012-06-30|38.7731|GREENWOOD 2.9 SE, DE US|0.9714|GHCND:US1DESS0007|METERS|-75.5616|Delaware|GHCND|US1DESS0007
119.5|2009-09-01|2011-01-24|39.816071|WILMINGTON 5.0 N, DE US|0.9989|GHCND:US1DENC0009|METERS|-75.5354|Delaware|GHCND|US1DENC0009
20.7|2009-09-01|2020-07-19|39.725585|NEWPORT 2.4 WNW, DE US|1.0|GHCND:US1DENC0010|METERS|-75.648791|Delaware|GHCND|US1DENC0010
13.7|2009-09-01|2015-07-09|39.531499|MIDDLETOWN 6.2 NNE, DE US|0.5918|GHCND:US1DENC0007|METERS|-75.663859|Delaware|GHCND|US1DENC0007
16.5|2009-09-01|2014-11-13|39.300969|CLAYTON 6.6 W, DE US|0.9685|GHCND:US1DENC0006|METERS|-75.756749|Delaware|GHCND|US1DENC0006
21.9|2009-09-01|2012-12-04|39.592|GLASGOW 1.6 SE, DE US|1.0|GHCND:US1DENC0003|METERS|-75.732|Delaware|GHCND|US1DENC0003
15.5|2009-09-01|2020-07-19|38.469094|DELMAR 4.3 E, DE US|1.0|GHCND:US1DESS0003|METERS|-75.492328|Delaware|GHCND|US1DESS0003
24.4|2009-09-01|2012-12-21|39.538848|MIDDLETOWN 6.1 N, DE US|0.9996|GHCND:US1DENC0005|METERS|-75.730171|Delaware|GHCND|US1DENC0005
9.8|2009-09-01|2020-06-22|39.03257|FELTON 3.6 NE, DE US|0.9991|GHCND:US1DEKN0001|METERS|-75.516933|Delaware|GHCND|US1DEKN0001
4.3|2009-09-01|2012-03-12|38.773123|LEWES 0.8 SE, DE US|1.0|GHCND:US1DESS0004|METERS|-75.138493|Delaware|GHCND|US1DESS0004
17.1|2009-09-01|2013-07-13|39.490763|MIDDLETOWN 3.0 NNE, DE US|0.9075|GHCND:US1DENC0008|METERS|-75.692837|Delaware|GHCND|US1DENC0008
20.1|2009-09-01|2016-05-16|39.175833|DOVER 6.4 WNW, DE US|1.0|GHCND:US1DEKN0002|METERS|-75.6325|Delaware|GHCND|US1DEKN0002
13.1|2010-01-01|2013-05-18|39.090713|MAGNOLIA 2.4 NW, DE US|1.0|GHCND:US1DEKN0007|METERS|-75.512275|Delaware|GHCND|US1DEKN0007
36.0|2012-02-01|2020-07-17|39.6551971435547|NEWARK 1.5 S, DE US|0.9806|GHCND:US1DENC0013|METERS|-75.7619247436523|Delaware|GHCND|US1DENC0013
19.5|2012-07-01|2017-02-16|39.609033|NEWARK 4.7 S, DE US|0.8887|GHCND:US1DENC0015|METERS|-75.759065|Delaware|GHCND|US1DENC0015
0.3|2012-07-01|2020-07-19|38.461155|SELBYVILLE 7.1 E, DE US|0.9998|GHCND:US1DESS0015|METERS|-75.089328|Delaware|GHCND|US1DESS0015
1.2|2012-08-01|2014-10-12|38.4666216373444|FENWICK ISLAND 1.8 WNW, DE US|0.3703|GHCND:US1DESS0014|METERS|-75.0870734453201|Delaware|GHCND|US1DESS0014
8.5|2012-09-01|2020-07-10|38.642|SEAFORD 0.7 SW, DE US|1.0|GHCND:US1DESS0016|METERS|-75.627|Delaware|GHCND|US1DESS0016
31.4|2013-02-01|2016-03-17|39.693857|NEWARK 1.5 NE, DE US|1.0|GHCND:US1DENC0017|METERS|-75.73951|Delaware|GHCND|US1DENC0017
10.7|2013-02-01|2019-05-05|38.877567|MILFORD 2.6 S, DE US|0.9819|GHCND:US1DESS0036|METERS|-75.439888|Delaware|GHCND|US1DESS0036
3.4|2013-03-01|2013-09-20|38.6254332214594|LONG NECK 1.5 WNW, DE US|0.998|GHCND:US1DESS0021|METERS|-75.1777220517397|Delaware|GHCND|US1DESS0021
18.3|2013-04-01|2020-07-17|39.12966667|DOVER 5.1 WSW, DE US|0.9998|GHCND:US1DEKN0009|METERS|-75.6125|Delaware|GHCND|US1DEKN0009
2.4|2013-08-01|2014-05-30|38.5491693019867|MILLVILLE 0.5 NE, DE US|0.998|GHCND:US1DESS0024|METERS|-75.1055773347616|Delaware|GHCND|US1DESS0024
67.4|2013-08-01|2017-09-07|39.701232|NEWARK 1.9 NW, DE US|0.7859|GHCND:US1DENC0019|METERS|-75.77776|Delaware|GHCND|US1DENC0019
11.6|2013-10-01|2020-07-19|38.7271118164063|MILTON 3.8 SSE, DE US|1.0|GHCND:US1DESS0025|METERS|-75.2870178222656|Delaware|GHCND|US1DESS0025
10.1|2014-01-01|2014-12-01|38.7624|MILTON 1 SE, DE US|1.0|COOP:076104|METERS|-75.2911|Delaware|COOP|076104
1.2|2014-01-01|2015-01-03|38.8204|MILTON, DE US|1.0|GHCND:USC00076102|METERS|-75.203|Delaware|GHCND|USC00076102
60.0|2014-10-01|2018-10-27|39.6408|NEWARK 2.5 S, DE US|0.9998|GHCND:US1DENC0020|METERS|-75.7628|Delaware|GHCND|US1DENC0020
15.8|2014-11-01|2017-05-20|38.8820762634277|HARRINGTON 3.3 SSW, DE US|1.0|GHCND:US1DEKN0010|METERS|-75.6051635742188|Delaware|GHCND|US1DEKN0010
2.7|2014-12-01|2020-07-19|38.576814|DAGSBORO 7.1 ENE, DE US|1.0|GHCND:US1DESS0031|METERS|-75.121908|Delaware|GHCND|US1DESS0031
21.9|1851-03-01|1965-12-31|38.901111|WASHINGTON DC WEATHER BUREAU CITY, DC US|0.3468|GHCND:USW00093725|METERS|-77.050278|District of Columbia|GHCND|USW00093725
70.1|1944-07-01|1978-06-01|38.93333|U S SOLDIERS HOME DC, DC US|0.9045|COOP:189035|METERS|-77.01667|District of Columbia|COOP|189035
78.9|1944-11-01|1959-07-31|38.95|BRIGHTWOOD DC, DC US|0.7138|GHCND:USC00181135|METERS|-77.01667|District of Columbia|GHCND|USC00181135
15.8|1945-01-01|1956-12-05|38.85|ANACOSTIA NAS, VA US|0.8328|GHCND:USW00013751|METERS|-77.03333|District of Columbia|GHCND|USW00013751
15.2|1946-01-01|2015-11-01|38.9133|NATIONAL ARBORETUM DC, DC US|0.9404|COOP:186350|METERS|-76.97|District of Columbia|COOP|186350
45.7|1946-01-01|2015-11-01|38.9385|DALECARLIA RESERVOIR, DC US|0.9547|COOP:182325|METERS|-77.1134|District of Columbia|COOP|182325
18.0|1947-08-01|1969-09-04|38.83333|WASHINGTON DC BOLLING FIELD AFB, DC US|0.5552|GHCND:USW00013710|METERS|-77.01667|District of Columbia|GHCND|USW00013710
21.9|1948-05-01|1965-12-25|38.901111|WASHINGTON DC WEATHER BUREAU CITY, DC US|1.0|COOP:189290|METERS|-77.050278|District of Columbia|COOP|189290
45.7|1948-08-01|2020-03-31|38.9385|DALECARLIA RESERVOIR, DC US|1.0|GHCND:USC00182325|METERS|-77.1134|District of Columbia|GHCND|USC00182325
70.1|1948-08-01|1977-12-31|38.93333|U S SOLDIERS HOME DC, DC US|0.9999|GHCND:USC00189035|METERS|-77.01667|District of Columbia|GHCND|USC00189035
15.2|1948-08-01|2020-03-31|38.9133|NATIONAL ARBORETUM DC, DC US|1.0|GHCND:USC00186350|METERS|-76.97|District of Columbia|GHCND|USC00186350
78.9|1948-08-01|1958-03-01|38.95|BRIGHTWOOD DC, DC US|0.9399|COOP:181135|METERS|-77.01667|District of Columbia|COOP|181135
|1991-11-12|2020-07-19|38.97628|STERLING, VA US|0.95|NEXRAD:KLWX||-77.48751|District of Columbia|NEXRAD|KLWX
34.1|1995-01-01|2020-07-19|36.98389|NORFOLK RICH, VA US|0.95|NEXRAD:KAKQ|METERS|-77.0075|District of Columbia|NEXRAD|KAKQ
733.0|1995-05-09|2020-07-19|40.92306|STATE COLLEGE, PA US|0.95|NEXRAD:KCCX|METERS|-78.00389|District of Columbia|NEXRAD|KCCX
15.2|1995-08-15|2020-07-19|38.82556|DOVER AFB, DE US|0.95|NEXRAD:KDOX|METERS|-75.44|District of Columbia|NEXRAD|KDOX
85.0|2006-05-01|2007-03-17|38.957388|WASHINGTON 3.7 NNW, DC US|0.9925|GHCND:US1DCDC0002|METERS|-77.033727|District of Columbia|GHCND|US1DCDC0002
17.1|2006-05-01|2006-08-31|38.917137|WASHINGTON 3.0 ENE, DC US|0.9919|GHCND:US1DCDC0001|METERS|-76.962607|District of Columbia|GHCND|US1DCDC0001
91.1|2006-05-01|2006-08-31|38.937668|WASHINGTON 5.0 WNW, DC US|0.9898|GHCND:US1DCDC0003|METERS|-77.099101|District of Columbia|GHCND|US1DCDC0003
25.0|2007-03-01|2007-09-17|38.8943|WASHINGTON 1.2 SE, DC US|0.998|GHCND:US1DCDC0007|METERS|-76.9982|District of Columbia|GHCND|US1DCDC0007
21.9|2007-03-01|2007-12-31|38.892782|WASHINGTON 2.0 ESE, DC US|0.9947|GHCND:US1DCDC0006|METERS|-76.983381|District of Columbia|GHCND|US1DCDC0006
27.1|2007-08-01|2008-10-01|38.890101|WASHINGTON 2.0 ESE, DC US|0.998|GHCND:US1DCDC0008|METERS|-76.985364|District of Columbia|GHCND|US1DCDC0008
3.0|2008-01-01|2020-07-19|38.876594|WASHINGTON 2.0 SSW, DC US|0.4948|GHCND:US1DCDC0009|METERS|-77.022402|District of Columbia|GHCND|US1DCDC0009
88.1|2008-07-01|2018-08-02|38.97729754|WASHINGTON 5.0 N, DC US|1.0|GHCND:US1DCDC0010|METERS|-77.02445991|District of Columbia|GHCND|US1DCDC0010
81.4|2008-10-01|2010-10-22|38.930277|WASHINGTON 4.0 WNW, DC US|1.0|GHCND:US1DCDC0011|METERS|-77.083075|District of Columbia|GHCND|US1DCDC0011
46.9|2009-03-25|2020-07-18|39.948889|PHILADELPHIA, NJ US|0.95|NEXRAD:TPHL|METERS|-75.068889|District of Columbia|NEXRAD|TPHL
143.9|2009-03-25|2020-07-19|39.083889|WASHINGTON DULLES, VA US|0.95|NEXRAD:TIAD|METERS|-77.528889|District of Columbia|NEXRAD|TIAD
91.1|2009-03-25|2020-07-19|39.09|BALTIMORE WASHINGTON, MD US|0.95|NEXRAD:TBWI|METERS|-76.63|District of Columbia|NEXRAD|TBWI
104.9|2009-03-25|2020-07-19|38.758889|WASHINGTON NATIONAL, MD US|0.95|NEXRAD:TDCA|METERS|-76.961944|District of Columbia|NEXRAD|TDCA
104.9|2009-03-25|2020-07-19|38.695|ANDREWS AFB, MD US|0.95|NEXRAD:TADW|METERS|-76.845|District of Columbia|NEXRAD|TADW
106.4|2011-06-01|2020-07-17|38.958091|WASHINGTON 5.1 NW, DC US|0.9996|GHCND:US1DCDC0014|METERS|-77.08173|District of Columbia|GHCND|US1DCDC0014
50.6|2011-09-01|2020-06-18|38.920341|WASHINGTON 1.9 WNW, DC US|0.7999|GHCND:US1DCDC0015|METERS|-77.045627|District of Columbia|GHCND|US1DCDC0015
9.1|2015-03-01|2018-11-25|38.895768|THE WHITE HOUSE, DC US|0.9967|GHCND:US1DCDC0019|METERS|-77.036975|District of Columbia|GHCND|US1DCDC0019
140.2|1880-01-01|1999-10-01|39.33333|WOODSTOCK, MD US|0.9812|COOP:189750|METERS|-76.86667|Maryland|COOP|189750
75.0|1889-07-01|1972-06-30|39.32333|HARPERS FERRY RIVER, MD US|0.997|GHCND:USC00463927|METERS|-77.72889|Maryland|GHCND|USC00463927
274.0|1891-07-01|1974-11-30|39.65|CUMBERLAND, MD US|0.988|GHCND:USC00182280|METERS|-78.75|Maryland|GHCND|USC00182280
737.6|1893-01-01|2020-07-15|39.41317|OAKLAND 1 SE, MD US|1.0|GHCND:USC00186620|METERS|-79.40025|Maryland|GHCND|USC00186620
61.0|1893-01-01|1950-09-30|39.0|GREAT FALLS, MD US|0.9597|GHCND:USC00183850|METERS|-77.25|Maryland|GHCND|USC00183850
152.4|1893-01-01|1912-08-31|39.666667|TANEYTOWN, MD US|0.7078|GHCND:USC00188780|METERS|-77.166667|Maryland|GHCND|USC00188780
7.6|1893-01-01|1893-12-31|38.5|BARRON CREEK SPRINGS, MD US|1.0|GHCND:USC00180530|METERS|-76.65|Maryland|GHCND|USC00180530
136.9|1893-01-01|1953-04-30|39.51667|FALLSTON, MD US|0.996|GHCND:USC00183050|METERS|-76.4|Maryland|GHCND|USC00183050
4.3|1893-01-01|2010-12-31|39.28333|BALTIMORE CUSTOMS HOUSE, MD US|1.0|GHCND:USW00013777|METERS|-76.61667|Maryland|GHCND|USW00013777
3.7|1893-01-01|2020-03-31|38.3198|SOLOMONS, MD US|1.0|GHCND:USC00188405|METERS|-76.4526|Maryland|GHCND|USC00188405
762.0|1893-01-01|1903-05-31|39.333333|SUNNYSIDE, MD US|0.9847|GHCND:USC00188670|METERS|-79.45|Maryland|GHCND|USC00188670
140.2|1893-01-01|2010-12-31|39.33333|WOODSTOCK, MD US|1.0|GHCND:USC00189750|METERS|-76.86667|Maryland|GHCND|USC00189750
85.3|1893-01-01|1896-05-31|39.4|FREDERICK 2, MD US|0.6834|GHCND:USC00183347|METERS|-77.35|Maryland|GHCND|USC00183347
220.1|1893-01-01|1956-04-01|39.68333|EMMITSBURG, MD US|0.9488|COOP:182905|METERS|-77.35|Maryland|COOP|182905
109.7|1893-01-01|1941-12-31|39.666667|DARLINGTON, MD US|0.9916|GHCND:USC00182345|METERS|-76.216667|Maryland|GHCND|USC00182345
262.1|1893-01-01|1979-01-31|39.55|WESTMINSTER 2 SSE, MD US|0.7406|GHCND:USC00189435|METERS|-76.98333|Maryland|GHCND|USC00189435
220.1|1893-01-01|1956-04-30|39.68333|EMMITSBURG, MD US|0.904|GHCND:USC00182905|METERS|-77.35|Maryland|GHCND|USC00182905
275.8|1893-01-01|2010-12-31|39.66667|EDGEMONT, MD US|1.0|GHCND:USC00182770|METERS|-77.55|Maryland|GHCND|USC00182770
3.0|1893-01-01|2010-12-31|38.56667|CAMBRIDGE WATER TREATMENT, MD US|1.0|GHCND:USC00181385|METERS|-76.06667|Maryland|GHCND|USC00181385
237.7|1893-01-01|1906-01-31|39.65|BOETTCHERVILLE, MD US|1.0|GHCND:USC00180960|METERS|-78.8|Maryland|GHCND|USC00180960
12.2|1893-01-01|2008-02-01|38.74278|EASTON, MD US|0.9961|GHCND:USC00182700|METERS|-76.06694|Maryland|GHCND|USC00182700
6.1|1893-01-01|1959-08-31|38.25|LEONARDTOWN 4 SSW, MD US|0.3263|GHCND:USC00185200|METERS|-76.65|Maryland|GHCND|USC00185200
213.4|1893-01-01|1895-07-31|39.466667|GLYNDON, MD US|0.5493|GHCND:USC00183715|METERS|-76.8|Maryland|GHCND|USC00183715
192.0|1893-01-01|1917-12-31|39.383333|NEW MARKET MONROVIO, MD US|0.9501|GHCND:USC00186430|METERS|-77.283333|Maryland|GHCND|USC00186430
3.0|1893-02-01|2011-12-31|38.365|SALISBURY, MD US|1.0|GHCND:USC00188000|METERS|-75.58917|Maryland|GHCND|USC00188000
289.6|1893-02-01|1894-09-30|39.6|FENBY, MD US|1.0|GHCND:USC00183097|METERS|-77.083333|Maryland|GHCND|USC00183097
14.9|1893-03-01|1989-05-31|38.88333|DENTON 2 E, MD US|0.6191|GHCND:USC00182523|METERS|-75.8|Maryland|GHCND|USC00182523
52.1|1893-06-01|1961-05-31|38.46667|CHARLOTTE HALL, MD US|0.4951|GHCND:USC00181685|METERS|-76.75|Maryland|GHCND|USC00181685
6.1|1893-10-01|1899-01-31|38.2|CHERRY FIELDS, MD US|0.9995|GHCND:USC00181730|METERS|-76.533333|Maryland|GHCND|USC00181730
234.7|1893-10-01|1920-07-31|39.633333|BACHMAN S VALLEY, MD US|0.705|GHCND:USC00180390|METERS|-76.983333|Maryland|GHCND|USC00180390
12.2|1893-11-01|2011-05-31|39.2166|CHESTERTOWN, MD US|1.0|GHCND:USC00181750|METERS|-76.0519|Maryland|GHCND|USC00181750
7.6|1894-01-01|1899-12-31|38.466667|MARDELLA SPRINGS, MD US|0.9991|GHCND:USC00185665|METERS|-75.766667|Maryland|GHCND|USC00185665
27.4|1894-01-01|1996-04-01|38.98333|COLLEGE PARK, MD US|0.9764|COOP:181995|METERS|-76.95|Maryland|COOP|181995
27.4|1894-01-01|2010-12-31|38.98333|COLLEGE PARK, MD US|1.0|GHCND:USC00181995|METERS|-76.95|Maryland|GHCND|USC00181995
6.1|1894-04-01|1979-07-31|38.06667|POCOMOKE CITY, MD US|0.7119|GHCND:USC00187140|METERS|-75.55|Maryland|GHCND|USC00187140
6.1|1894-07-01|1895-08-31|38.4|POPES CREEK, MD |0.7841|GHCND:USC00187205|METERS|-77.0|Maryland|GHCND|USC00187205
3.0|1894-07-01|1976-04-30|38.98333|ANNAPOLIS NAVAL ACM, MD US|0.8605|GHCND:USC00180185|METERS|-76.48333|Maryland|GHCND|USC00180185
6.1|1894-07-01|2020-07-17|38.2122|PRINCESS ANNE, MD US|1.0|GHCND:USC00187330|METERS|-75.6822|Maryland|GHCND|USC00187330
115.8|1894-07-01|2010-12-31|39.41611|FREDERICK POLICE BAR, MD US|1.0|GHCND:USC00183348|METERS|-77.43889|Maryland|GHCND|USC00183348
748.9|1894-10-01|1918-08-31|39.433333|DEER PARK, MD US|0.9687|GHCND:USC00182450|METERS|-79.333333|Maryland|GHCND|USC00182450
179.8|1894-10-01|1896-04-30|39.416667|BURKITTSVILLE, MD US|0.5793|GHCND:USC00181250|METERS|-77.583333|Maryland|GHCND|USC00181250
128.0|1894-11-01|1904-04-30|39.45|SHARPSBURG, MD US|0.9128|GHCND:USC00188205|METERS|-77.75|Maryland|GHCND|USC00188205
42.7|1894-12-01|2010-12-31|38.53333|LA PLATA, MD US|1.0|GHCND:USC00185080|METERS|-77.0|Maryland|GHCND|USC00185080
137.2|1895-01-01|1917-01-31|39.633333|GREEN SPRING FURNACE, MD US|0.9959|GHCND:USC00183880|METERS|-77.916667|Maryland|GHCND|USC00183880
50.3|1895-01-01|1908-05-28|38.75|JEWELL, MD US|1.0|GHCND:USC00184650|METERS|-76.616667|Maryland|GHCND|USC00184650
116.1|1895-01-01|1974-05-31|39.7|HANCOCK, MD US|0.5677|GHCND:USC00184025|METERS|-78.18333|Maryland|GHCND|USC00184025
726.0|1895-01-01|1951-09-30|39.7|GRANTSVILLE, MD US|0.8077|GHCND:USC00183795|METERS|-79.15|Maryland|GHCND|USC00183795
163.1|1895-01-01|1906-06-30|39.4|MCDONOGH, MD US|0.7831|GHCND:USC00185790|METERS|-76.766667|Maryland|GHCND|USC00185790
24.4|1895-01-01|1896-02-29|38.8|UPPER MARLBORO, MD US|0.931|GHCND:USC00189065|METERS|-76.766667|Maryland|GHCND|USC00189065
121.9|1895-04-01|2016-08-31|39.0847|LAUREL 3 W, MD US|1.0|GHCND:USC00185111|METERS|-76.9002|Maryland|GHCND|USC00185111
91.4|1895-04-01|1900-12-31|39.283333|ELLICOTT CITY, MD US|0.8837|GHCND:USC00182875|METERS|-76.883333|Maryland|GHCND|USC00182875
121.9|1895-05-01|2014-12-01|39.0847|LAUREL 3 W, MD US|0.9498|COOP:185111|METERS|-76.9002|Maryland|COOP|185111
201.2|1895-05-01|1993-10-31|39.65|HAGERSTOWN, MD US|0.5228|GHCND:USC00183975|METERS|-77.73333|Maryland|GHCND|USC00183975
30.5|1896-01-01|1917-03-31|39.433333|VAN BIBBER, MD US|0.953|GHCND:USC00189115|METERS|-76.3|Maryland|GHCND|USC00189115
243.8|1896-02-01|1898-03-31|39.7|FLINTSTONE, MD US|1.0|GHCND:USC00183150|METERS|-78.6|Maryland|GHCND|USC00183150
91.4|1897-04-01|2006-05-31|39.62917|PORT DEPOSIT 2 NE, MD US|0.0351|GHCND:USC00187230|METERS|-76.08472|Maryland|GHCND|USC00187230
274.3|1897-04-01|1901-12-31|39.65|SMITHSBURG, MD US|1.0|GHCND:USC00188368|METERS|-77.55|Maryland|GHCND|USC00188368
6.1|1898-01-01|1960-09-30|38.33333|OCEAN CITY, MD US|0.324|GHCND:USC00186665|METERS|-75.08333|Maryland|GHCND|USC00186665
652.9|1898-06-01|1971-12-31|39.65|FROSTBURG, MD US|0.9366|GHCND:USC00183410|METERS|-78.93333|Maryland|GHCND|USC00183410
24.1|1898-07-01|1971-12-01|39.35|COLEMAN 3 WNW, MD US|0.9546|COOP:181980|METERS|-76.13333|Maryland|COOP|181980
9.1|1898-10-01|2010-12-31|39.27389|MILLINGTON, MD US|1.0|GHCND:USC00185985|METERS|-75.87|Maryland|GHCND|USC00185985
24.1|1899-01-01|1971-09-30|39.35|COLEMAN 3 WNW, MD US|0.96|GHCND:USC00181980|METERS|-76.13333|Maryland|GHCND|USC00181980
6.1|1899-01-01|1904-12-31|39.366667|CHASE, MD US|1.0|GHCND:USC00181693|METERS|-76.366667|Maryland|GHCND|USC00181693
162.2|1899-01-01|2020-07-18|39.64034|HAGERSTOWN 1 E, MD US|0.9945|GHCND:USC00181790|METERS|-77.69778|Maryland|GHCND|USC00181790
177.1|1899-01-01|1960-12-31|39.66667|CLEAR SPRING 1 ENE, MD US|0.754|GHCND:USC00181890|METERS|-77.9|Maryland|GHCND|USC00181890
6.1|1899-01-01|1967-03-31|39.13333|ROCK HALL, MD US|0.685|GHCND:USC00187700|METERS|-76.23333|Maryland|GHCND|USC00187700
182.9|1899-01-01|1904-03-31|39.533333|BOONSBORO 1, MD US|0.8851|GHCND:USC00180995|METERS|-77.65|Maryland|GHCND|USC00180995
152.4|1899-03-01|1907-12-31|39.716667|HARNEY, MD US|0.9809|GHCND:USC00184090|METERS|-77.183333|Maryland|GHCND|USC00184090
43.0|1899-04-01|1976-12-31|38.55|PRINCE FREDERICK 1 N, MD US|0.344|GHCND:USC00187325|METERS|-76.58333|Maryland|GHCND|USC00187325
97.5|1899-04-01|1949-01-31|38.983333|TAKOMA PARK NUMBER 1, MD US|0.9815|GHCND:USC00188715|METERS|-77.016667|Maryland|GHCND|USC00188715
61.0|1899-05-01|1900-01-31|39.3|BALTIMORE WALBROOK, MD US|0.5543|GHCND:USC00180490|METERS|-76.633333|Maryland|GHCND|USC00180490
182.9|1899-06-01|1986-12-31|39.63333|PARKTON 2 SW, MD US|0.8903|GHCND:USC00186844|METERS|-76.7|Maryland|GHCND|USC00186844
70.1|1901-01-01|1956-09-30|38.73333|CHELTENHAM 1 NW, MD US|0.9999|GHCND:USC00181710|METERS|-76.85|Maryland|GHCND|USC00181710
70.1|1901-05-01|1956-09-01|38.73333|CHELTENHAM 1 NW, MD US|0.9924|COOP:181710|METERS|-76.85|Maryland|COOP|181710
15.5|1901-06-01|1902-01-31|38.866667|LONGWOODS, MD US|1.0|GHCND:USC00185390|METERS|-76.066667|Maryland|GHCND|USC00185390
106.7|1901-09-01|1905-12-31|39.666667|COLORA, MD US|0.9998|GHCND:USC00182020|METERS|-76.083333|Maryland|GHCND|USC00182020
735.2|1902-05-01|2020-07-19|39.2728|BAYARD, WV US|1.0|GHCND:USC00460527|METERS|-79.3684|Maryland|GHCND|USC00460527
128.0|1904-01-01|1960-03-31|39.48333|KEEDYSVILLE, MD US|1.0|GHCND:USC00184780|METERS|-77.7|Maryland|GHCND|USC00184780
223.1|1904-04-01|1975-08-31|39.61667|BERKELEY SPRINGS, WV US|0.7661|GHCND:USC00460710|METERS|-78.21667|Maryland|GHCND|USC00460710
11.6|1905-01-01|1912-11-30|38.183333|PORTO BELLO, MD US|0.9686|GHCND:USC00187250|METERS|-76.45|Maryland|GHCND|USC00187250
61.0|1905-12-01|1922-10-31|39.333333|LAKE MONTEBELLO BALTIMORE CITY, MD US|0.7389|GHCND:USC00184980|METERS|-76.583333|Maryland|GHCND|USC00184980
2.4|1906-10-01|1963-12-31|37.983333|CRISFIELD SOMERS COVE, MD US|0.964|GHCND:USC00182205|METERS|-75.866667|Maryland|GHCND|USC00182205
134.1|1907-01-01|2010-12-31|39.10083|ROCKVILLE 1 NE, MD US|1.0|GHCND:USC00187705|METERS|-77.14861|Maryland|GHCND|USC00187705
118.9|1907-01-01|1996-09-30|39.38333|TOWSON, MD US|0.8449|GHCND:USC00188877|METERS|-76.56667|Maryland|GHCND|USC00188877
445.0|1909-01-01|1947-12-31|39.716667|STATE SANATORIUM, MD US|0.9806|GHCND:USC00188510|METERS|-77.45|Maryland|GHCND|USC00188510
320.0|1914-04-01|1966-06-30|39.48333|PIEDMONT, MD US|0.9681|GHCND:USC00467004|METERS|-79.03333|Maryland|GHCND|USC00467004
140.2|1915-03-01|1919-09-30|39.566667|UNION BRIDGE, MD US|0.9991|GHCND:USC00188990|METERS|-77.166667|Maryland|GHCND|USC00188990
9.1|1916-01-01|2020-05-31|38.23173|SNOW HILL 4 N, MD US|1.0|GHCND:USC00188380|METERS|-75.37606|Maryland|GHCND|USC00188380
256.0|1916-01-01|1949-01-01|39.71667|MARYLAND LINE, MD US|0.9445|COOP:185715|METERS|-76.65|Maryland|COOP|185715
48.8|1917-01-01|2010-12-31|38.68333|OWINGS FERRY LANDING, MD US|1.0|GHCND:USC00186770|METERS|-76.66667|Maryland|GHCND|USC00186770
762.9|1917-02-01|1958-11-30|39.73333|SPRINGS 1 SW, PA US|0.9184|GHCND:USC00368395|METERS|-79.16667|Maryland|GHCND|USC00368395
6.1|1917-07-01|1918-05-31|38.466667|WIDEWATER, MD |0.9086|GHCND:USC00449126|METERS|-77.316667|Maryland|GHCND|USC00449126
17.4|1919-06-01|2020-07-17|39.4716|ABERDEEN PHILLIPS FIELD, MD US|1.0|GHCND:USW00013701|METERS|-76.1697|Maryland|GHCND|USW00013701
27.1|1919-08-01|1936-04-30|39.4|CECILTON, MD US|0.8657|GHCND:USC00181555|METERS|-75.88333|Maryland|GHCND|USC00181555
609.9|1919-10-01|1953-06-30|39.66667|FRIENDSVILLE 2 W, MD US|0.8346|GHCND:USC00183402|METERS|-79.45|Maryland|GHCND|USC00183402
176.8|1919-12-01|1991-02-28|39.21667|BOYDS 2 NW, MD US|0.9065|GHCND:USC00181032|METERS|-77.33333|Maryland|GHCND|USC00181032
112.8|1920-08-01|1923-06-30|39.4|RIDERWOOD, MD US|1.0|GHCND:USC00187550|METERS|-76.65|Maryland|GHCND|USC00187550
5.2|1920-10-01|1926-12-31|39.533333|CHESAPEAKE CITY, MD US|0.9999|GHCND:USC00181740|METERS|-75.8|Maryland|GHCND|USC00181740
45.7|1921-01-01|2010-12-31|38.9688|GLENN DALE BELL STATION, MD US|1.0|GHCND:USC00183675|METERS|-76.8041|Maryland|GHCND|USC00183675
45.7|1921-01-01|2007-05-01|38.9688|GLENN DALE BELL STATION, MD US|0.9866|COOP:183675|METERS|-76.8041|Maryland|COOP|183675
604.1|1867-09-01|1968-04-30|37.1|RADFORD 5 SW, VA US|0.3634|GHCND:USC00447004|METERS|-80.6|Virginia|GHCND|USC00447004
12.2|1869-01-01|1902-09-26|37.416667|BIRDSNEST, VA US|0.9804|GHCND:USC00440755|METERS|-75.866667|Virginia|GHCND|USC00440755
609.9|1887-08-01|1962-03-31|36.66667|ABINGDON 7 WSW, VA US|0.2891|GHCND:USC00440013|METERS|-82.1|Virginia|GHCND|USC00440013
334.4|1889-06-01|2020-07-19|37.7767|LEXINGTON, VA US|1.0|GHCND:USC00444876|METERS|-79.4385|Virginia|GHCND|USC00444876
205.7|1889-09-01|2020-07-15|38.8969|WOODSTOCK 2 NE, VA US|1.0|GHCND:USC00449263|METERS|-78.4679|Virginia|GHCND|USC00449263
100.6|1891-01-01|2020-07-18|36.6213|CLARKSVILLE, VA US|1.0|GHCND:USC00441746|METERS|-78.5506|Virginia|GHCND|USC00441746
119.5|1891-01-01|2020-07-17|36.56269|DANVILLE 2 SE, VA US|1.0|GHCND:USC00442245|METERS|-79.36331|Virginia|GHCND|USC00442245
670.9|1891-08-01|1962-03-31|36.85|MARION, VA US|0.5401|GHCND:USC00445266|METERS|-81.51667|Virginia|GHCND|USC00445266
0.0|1892-01-01|1948-07-31|37.5333|RICHMOND CITY LOCKS, VA US|0.9791|GHCND:USC00447196|METERS|-77.4167|Virginia|GHCND|USC00447196
171.0|1892-01-01|1978-08-31|38.93333|RIVERTON, VA US|0.8923|GHCND:USC00447254|METERS|-78.2|Virginia|GHCND|USC00447254
268.2|1892-11-01|2013-10-30|37.5247|BUCHANAN, VA US|1.0|GHCND:USC00441121|METERS|-79.6816|Virginia|GHCND|USC00441121
662.0|1893-01-01|1952-10-31|37.25|BLACKSBURG, VA US|0.9945|GHCND:USC00440765|METERS|-80.41667|Virginia|GHCND|USC00440765
51.5|1893-01-01|2020-07-19|38.1692|STAUNTON WATER TREATMENT PLANT, VA US|1.0|GHCND:USC00448062|METERS|-79.0844|Virginia|GHCND|USC00448062
216.4|1893-01-01|1911-03-07|39.083333|STEPHENS CITY, VA US|0.9593|GHCND:USC00448080|METERS|-78.233333|Virginia|GHCND|USC00448080
204.2|1893-01-01|1905-07-31|38.333333|STANNARDSVILLE, VA US|0.9077|GHCND:USC00448035|METERS|-78.5|Virginia|GHCND|USC00448035
749.2|1893-01-01|2020-07-19|36.9617|WYTHEVILLE, VA US|1.0|GHCND:USC00449301|METERS|-81.087|Virginia|GHCND|USC00449301
34.1|1893-01-01|1951-01-31|37.6|SALUDA, VA US|0.1793|GHCND:USC00447514|METERS|-76.6|Virginia|GHCND|USC00447514
67.1|1893-01-01|2020-07-18|37.75|ASHLAND, VA US|1.0|GHCND:USC00440327|METERS|-77.4833|Virginia|GHCND|USC00440327
244.1|1893-01-01|1896-04-30|37.999861|AVON, VA US|0.9261|GHCND:USC00440370|METERS|-78.826411|Virginia|GHCND|USC00440370
45.1|1893-01-01|1896-03-31|37.694035|IRWIN, VA US|0.8982|GHCND:USC00444310|METERS|-77.923052|Virginia|GHCND|USC00444310
472.4|1893-01-01|1912-04-30|36.883333|BIG STONE GAP TVA 499, VA US|0.996|GHCND:USC00440737|METERS|-82.733333|Virginia|GHCND|USC00440737
42.7|1893-01-01|2020-07-08|37.9881|WARSAW 2 NW, VA US|1.0|GHCND:USC00448894|METERS|-76.7769|Virginia|GHCND|USC00448894
129.8|1893-01-01|1898-01-31|39.133333|NOTTOWAY COURT HOUSE, VA US|0.8523|GHCND:USC00446240|METERS|-78.116667|Virginia|GHCND|USC00446240
30.5|1893-01-01|2020-07-19|36.6983|EMPORIA 1 WNW, VA US|1.0|GHCND:USC00442790|METERS|-77.5597|Virginia|GHCND|USC00442790
63.1|1893-01-01|1903-08-31|37.533333|BON AIR, VA US|1.0|GHCND:USC00440880|METERS|-77.683333|Virginia|GHCND|USC00440880
264.0|1893-01-01|2020-07-19|38.0329|CHARLOTTESVILLE 2 W, VA US|1.0|GHCND:USC00441593|METERS|-78.5226|Virginia|GHCND|USC00441593
0.9|1893-01-01|1896-08-31|37.267916|CAPE CHARLES, VA US|0.642|GHCND:USC00441350|METERS|-76.017434|Virginia|GHCND|USC00441350
272.5|1893-01-01|2020-07-19|37.33388|BEDFORD, VA US|1.0|GHCND:USC00440551|METERS|-79.50684|Virginia|GHCND|USC00440551
684.0|1893-01-01|2020-07-19|37.99951|HOT SPRINGS, VA US|1.0|GHCND:USC00444128|METERS|-79.83227|Virginia|GHCND|USC00444128
230.1|1893-01-01|1944-07-31|37.41667|LYNCHBURG WEATHER BUREAU OFFICE, VA US|1.0|GHCND:USC00445121|METERS|-79.15|Virginia|GHCND|USC00445121
413.9|1893-01-01|2020-07-19|38.4547|DALE ENTERPRISE, VA US|1.0|GHCND:USC00442208|METERS|-78.9352|Virginia|GHCND|USC00442208
365.8|1893-01-01|1901-12-31|37.316667|SALEM, VA US|0.9726|GHCND:USC00447490|METERS|-80.083333|Virginia|GHCND|USC00447490
15.2|1893-01-01|1931-05-31|37.116667|RUNNYMEDE SPOTTSVILLE, VA US|0.9937|GHCND:USC00447435|METERS|-76.7|Virginia|GHCND|USC00447435
658.4|1893-01-01|1901-04-30|37.183333|CHRISTIANSBURG, VA US|0.9509|GHCND:USC00441691|METERS|-80.3|Virginia|GHCND|USC00441691
3.0|1893-03-03|2013-01-09|37.0225|HAMPTON UNIVERSITY, VA US|1.0|GHCND:USC00443713|METERS|-76.3366|Virginia|GHCND|USC00443713
88.4|1893-03-04|1986-02-28|37.73333|COLUMBIA 2 SSE, VA US|0.9157|GHCND:USC00441929|METERS|-78.15|Virginia|GHCND|USC00441929
6.1|1893-04-01|1962-10-01|38.81667|ALEXANDRIA POTOMAC Y, VA US|0.3617|COOP:440097|METERS|-77.05|Virginia|COOP|440097
6.1|1893-04-01|1962-10-31|38.81667|ALEXANDRIA POTOMAC Y, VA US|0.3689|GHCND:USC00440097|METERS|-77.05|Virginia|GHCND|USC00440097
27.4|1893-04-01|2010-12-31|38.31667|FREDERICKSBURG NATIONAL PARK, VA US|1.0|GHCND:USC00443192|METERS|-77.45|Virginia|GHCND|USC00443192
400.8|1894-04-01|2020-07-19|36.9769|ROCKY MOUNT, VA US|1.0|GHCND:USC00447338|METERS|-79.8961|Virginia|GHCND|USC00447338
176.8|1894-05-01|2020-07-19|37.5083|BUCKINGHAM, VA US|1.0|GHCND:USC00441136|METERS|-78.5333|Virginia|GHCND|USC00441136
79.2|1894-10-01|1945-03-31|36.833333|CALLAVILLE, VA US|0.9803|GHCND:USC00441200|METERS|-77.683333|Virginia|GHCND|USC00441200
528.2|1894-12-01|2020-07-19|36.8894|SALTVILLE 1 N, VA US|1.0|GHCND:USC00447506|METERS|-81.7711|Virginia|GHCND|USC00447506
890.9|1894-12-01|1990-05-31|38.41667|MONTEREY, VA US|0.6362|GHCND:USC00445698|METERS|-79.58333|Virginia|GHCND|USC00445698
548.6|1895-01-01|1941-12-31|37.133333|RADFORD, VA US|0.9539|GHCND:USC00446997|METERS|-80.566667|Virginia|GHCND|USC00446997
61.0|1895-03-02|1948-12-31|37.6|WESTBROOK SANATORIUM, VA US|0.1535|GHCND:USC00448984|METERS|-77.4|Virginia|GHCND|USC00448984
100.9|1895-06-01|1985-07-31|38.78333|MANASSAS, VA US|0.4908|GHCND:USC00445213|METERS|-77.5|Virginia|GHCND|USC00445213
|1895-12-01|1933-07-15|36.983333|SPEERS FERRY, VA US|0.9757|GHCND:USC00447976||-82.75|Virginia|GHCND|USC00447976
32.0|1896-01-01|1898-07-31|37.669035|MAIDENS, VA US|0.9683|GHCND:USC00445190|METERS|-77.881941|Virginia|GHCND|USC00445190
411.5|1896-02-01|2010-12-31|37.9839|GOSHEN, VA US|1.0|GHCND:USC00443470|METERS|-79.5008|Virginia|GHCND|USC00443470
935.1|1896-03-01|2020-07-19|37.0908|BURKES GARDEN, VA US|1.0|GHCND:USC00441209|METERS|-81.33639|Virginia|GHCND|USC00441209
3.0|1896-04-01|1976-03-31|38.5|QUANTICO 1 S, VA US|0.9448|GHCND:USC00446979|METERS|-77.31667|Virginia|GHCND|USC00446979
426.7|1896-08-01|1983-10-31|37.85|CLIFTON FORGE 2 NW, VA US|0.6084|GHCND:USC00441801|METERS|-79.83333|Virginia|GHCND|USC00441801
167.6|1896-09-01|1907-03-31|38.15|BARBOURSVILLE, VA US|0.9298|GHCND:USC00440440|METERS|-77.266667|Virginia|GHCND|USC00440440
40.8|1896-09-01|1919-01-31|37.866667|DOSWELL, VA US|0.6097|GHCND:USC00442460|METERS|-77.433333|Virginia|GHCND|USC00442460
31.1|1896-09-21|1950-11-30|37.28333|WILLIAMSBURG 2 NW, VA US|0.9093|GHCND:USC00449146|METERS|-76.75|Virginia|GHCND|USC00449146
3.0|1897-01-01|2013-04-01|37.08278|LANGLEY AIR FORCE BASE, VA US|1.0|GHCND:USW00013702|METERS|-76.36028|Virginia|GHCND|USW00013702
137.2|1897-02-01|2020-05-31|37.3263|FARMVILLE 2 N, VA US|1.0|GHCND:USC00442941|METERS|-78.3864|Virginia|GHCND|USC00442941
152.4|1897-03-01|2016-08-31|38.6812|WARRENTON 3 SE, VA US|1.0|GHCND:USC00448888|METERS|-77.7678|Virginia|GHCND|USC00448888
49.4|1897-10-01|1954-03-31|37.53333|RICHMOND CHIMBORAZO PARK, VA US|0.9957|GHCND:USW00013780|METERS|-77.41667|Virginia|GHCND|USW00013780
4.6|1898-01-01|1923-02-28|37.5|WEST POINT, VA US|0.585|GHCND:USC00449020|METERS|-76.75|Virginia|GHCND|USC00449020
132.0|1898-08-01|1900-06-30|37.482373|TOBACCOVILLE, VA US|0.9144|GHCND:USC00448475|METERS|-78.095833|Virginia|GHCND|USC00448475
14.9|1898-11-01|1980-12-31|37.01667|NEWPORT NEWS PRESS B, VA US|0.7059|GHCND:USC00446054|METERS|-76.45|Virginia|GHCND|USC00446054
155.4|1900-09-01|2020-07-19|39.14216|PURCELLVILLE, VA US|1.0|GHCND:USC00444909|METERS|-77.70939|Virginia|GHCND|USC00444909
278.0|1901-09-01|1965-12-31|37.26667|ROANOKE, VA US|0.9093|GHCND:USC00447275|METERS|-79.93333|Virginia|GHCND|USC00447275
412.1|1902-01-01|1976-09-30|36.7|MENDOTA, VA US|0.9921|GHCND:USC00445501|METERS|-82.31667|Virginia|GHCND|USC00445501
285.6|1902-02-01|1910-05-21|38.483333|SHENANDOAH, VA US|1.0|GHCND:USC00447740|METERS|-78.633333|Virginia|GHCND|USC00447740
8.5|1902-05-01|1905-05-31|38.266667|WILKERSON S, VA US|1.0|GHCND:USC00449135|METERS|-77.0|Virginia|GHCND|USC00449135
94.5|1902-08-01|1911-12-31|36.883333|SAXE, VA US|0.8317|GHCND:USC00447560|METERS|-78.75|Virginia|GHCND|USC00447560
145.1|1902-09-01|1904-02-29|36.700144|LA CROSSE, VA US|0.8903|GHCND:USC00444660|METERS|-78.099719|Virginia|GHCND|USC00444660
12.2|1902-10-01|1904-02-29|36.583207|BOYKINS 1, VA US|1.0|GHCND:USC00440958|METERS|-77.199968|Virginia|GHCND|USC00440958
609.9|1903-01-01|1980-12-22|38.33333|MC DOWELL, VA US|0.2645|GHCND:USC00445414|METERS|-79.5|Virginia|GHCND|USC00445414
596.2|1904-01-01|1948-03-07|36.833333|IVANHOE, VA US|0.939|GHCND:USC00444350|METERS|-80.95|Virginia|GHCND|USC00444350
81.4|1904-10-01|1909-06-30|37.083333|DINWIDDIE, VA US|1.0|GHCND:USC00442394|METERS|-77.6|Virginia|GHCND|USC00442394
107.0|1905-01-01|1983-11-30|36.98333|RANDOLPH 5 NNE, VA US|0.9853|GHCND:USC00447025|METERS|-78.7|Virginia|GHCND|USC00447025
106.7|1905-01-01|1910-01-31|38.75|NOKESVILLE, VA US|0.9991|GHCND:USC00446110|METERS|-77.633333|Virginia|GHCND|USC00446110
92.0|1905-03-01|1976-10-31|37.7|NEW CANTON, VA US|0.9941|GHCND:USC00446004|METERS|-78.3|Virginia|GHCND|USC00446004
1066.8|1906-01-01|1906-12-31|38.6|SKYLAND, VA US|1.0|GHCND:USC00447825|METERS|-78.383333|Virginia|GHCND|USC00447825
383.4|1907-01-01|2020-07-15|37.5092|NEW CASTLE, VA US|0.5225|GHCND:USC00446012|METERS|-80.098|Virginia|GHCND|USC00446012
713.5|1907-05-01|2020-07-19|36.65452|GALAX WATER PLANT, VA US|1.0|GHCND:USC00443272|METERS|-80.91732|Virginia|GHCND|USC00443272
144.8|1907-07-01|1990-06-30|38.48333|CULPEPER, VA US|0.9217|GHCND:USC00442155|METERS|-77.98333|Virginia|GHCND|USC00442155
27.4|1908-07-01|1918-08-31|36.866667|IVOR, VA US|0.9507|GHCND:USC00444365|METERS|-76.916667|Virginia|GHCND|USC00444365
|1908-09-01|1909-11-30|37.533333|SABOT, VA US|1.0|GHCND:USC00447470||-77.75|Virginia|GHCND|USC00447470
9.1|1909-02-01|1980-12-31|36.9|DIAMOND SPRINGS, VA US|0.9989|GHCND:USC00442368|METERS|-76.2|Virginia|GHCND|USC00442368
649.5|1909-10-01|1913-03-30|36.9|LEBANON 1, VA US|1.0|GHCND:USC00444779|METERS|-82.083333|Virginia|GHCND|USC00444779
3.0|1909-11-01|2015-10-01|37.3876|EASTVILLE, VA US|1.0|GHCND:USC00442635|METERS|-75.9744|Virginia|GHCND|USC00442635
573.0|1910-01-01|1977-12-31|37.38333|CATAWBA HOSPITAL, VA US|0.9387|GHCND:USC00441471|METERS|-80.08333|Virginia|GHCND|USC00441471
170.7|1910-01-01|1960-11-30|37.42444|LYNCHBURG 7 ST BRIDGE, VA US|0.9673|GHCND:USC00445115|METERS|-79.15889|Virginia|GHCND|USC00445115
30.5|1910-01-01|1921-12-31|37.65|LASSITER, VA US|0.9514|GHCND:USC00444745|METERS|-77.833333|Virginia|GHCND|USC00444745
1196.0|1911-08-01|1948-05-31|37.355403|MOUNTAIN LAKE, VA US|0.4321|GHCND:USC00445784|METERS|-80.537838|Virginia|GHCND|USC00445784
6.1|1911-10-01|1912-12-30|37.75|ONANCOCK, VA US|0.9304|GHCND:USC00446355|METERS|-75.766667|Virginia|GHCND|USC00446355
207.3|1912-04-01|2020-07-12|39.1833|WINCHESTER 7 SE, VA US|1.0|GHCND:USC00449186|METERS|-78.1167|Virginia|GHCND|USC00449186
99.1|1912-06-01|1920-08-31|37.033333|DRY BRIDGE, VA US|0.9594|GHCND:USC00442520|METERS|-77.866667|Virginia|GHCND|USC00442520
181.1|1912-06-01|1914-06-30|38.2333|RUCKERVILLE, VA US|1.0|GHCND:USC00447420|METERS|-78.3667|Virginia|GHCND|USC00447420
91.4|1913-03-01|1916-04-30|38.833333|SWETNAM, VA US|1.0|GHCND:USC00448266|METERS|-77.333333|Virginia|GHCND|USC00448266
655.9|1913-04-01|1951-11-30|36.76667|EMORY, VA US|0.6616|GHCND:USC00442782|METERS|-81.83333|Virginia|GHCND|USC00442782
419.1|1913-05-01|1960-02-06|36.6365|STUART, VA US|0.7651|GHCND:USC00448169|METERS|-80.2545|Virginia|GHCND|USC00448169
411.5|1913-07-01|1915-09-26|38.066667|WAYNESBORO, VA US|0.9998|GHCND:USC00448949|METERS|-78.883333|Virginia|GHCND|USC00448949
4.9|1913-10-01|1918-09-05|37.616667|WACHAPREAQUE, VA US|0.983|GHCND:USC00448787|METERS|-76.7|Virginia|GHCND|USC00448787
463.3|1914-03-01|2010-12-31|37.3733|GLEN LYN, VA US|1.0|GHCND:USC00443397|METERS|-80.8597|Virginia|GHCND|USC00443397
701.0|1851-01-01|2020-07-19|37.8566|LEWISBURG 3 N, WV US|1.0|GHCND:USC00465224|METERS|-80.4042|West Virginia|GHCND|USC00465224
374.9|1867-01-01|1963-12-31|39.35|GRAFTON 1 NE, WV US|0.7088|GHCND:USC00463630|METERS|-80.0|West Virginia|GHCND|USC00463630
219.5|1870-08-01|2020-07-19|39.33898|ROMNEY 1 SW, WV US|1.0|GHCND:USC00467730|METERS|-78.77106|West Virginia|GHCND|USC00467730
378.0|1872-05-01|2020-07-18|39.64278|MORGANTOWN HART FIELD, WV US|1.0|GHCND:USW00013736|METERS|-79.91639|West Virginia|GHCND|USW00013736
320.0|1872-05-01|1952-05-31|39.63333|MORGANTOWN 1, WV US|0.846|GHCND:USC00466207|METERS|-79.95|West Virginia|GHCND|USC00466207
320.0|1875-10-01|1959-04-30|39.28333|SALEM, WV US|0.4611|GHCND:USC00467883|METERS|-80.56667|West Virginia|GHCND|USC00467883
|1877-01-01|1889-01-31|38.5|HELVETIA, WV US|0.9999|GHCND:USC00464045||-80.0|West Virginia|GHCND|USC00464045
201.2|1878-02-01|2004-04-30|40.27528|WELLSBURG WATER TREATMENT P, WV US|0.7697|GHCND:USC00469368|METERS|-80.61194|West Virginia|GHCND|USC00469368
|1880-09-01|1882-02-28|39.266667|FLEMINGTON, WV US|1.0|GHCND:USC00463100||-80.133333|West Virginia|GHCND|USC00463100
433.7|1884-12-01|2018-01-31|39.3419|ROWLESBURG 1, WV US|1.0|GHCND:USC00467785|METERS|-79.6697|West Virginia|GHCND|USC00467785
|1886-11-01|1887-12-31|38.516667|MIDDLEBROOK, WV US|1.0|GHCND:USC00465970||-80.183333|West Virginia|GHCND|USC00465970
224.9|1888-01-01|2020-07-19|38.93399|GLENVILLE, WV US|1.0|GHCND:USC00463544|METERS|-80.83176|West Virginia|GHCND|USC00463544
443.5|1888-01-01|2020-07-19|38.9803|BUCKHANNON, WV US|1.0|GHCND:USC00461220|METERS|-80.2201|West Virginia|GHCND|USC00461220
584.9|1888-05-01|2020-07-19|37.78839|WHITE SULPHUR SPRINGS, WV US|1.0|GHCND:USC00469522|METERS|-80.30835|West Virginia|GHCND|USC00469522
|1889-01-01|1895-05-31|39.516667|PLEASANT HILL PRESTON, WV US|0.7495|GHCND:USC00467055||-79.533333|West Virginia|GHCND|USC00467055
|1889-05-01|1897-11-23|39.516667|TANNERY, WV US|0.6794|GHCND:USC00468730||-79.633333|West Virginia|GHCND|USC00468730
566.9|1889-05-01|1899-12-31|39.46667|KINGWOOD, WV US|1.0|GHCND:USC00464897|METERS|-79.68333|West Virginia|GHCND|USC00464897
75.0|1889-07-01|1972-06-30|39.32333|HARPERS FERRY RIVER, MD US|0.997|GHCND:USC00463927|METERS|-77.72889|West Virginia|GHCND|USC00463927
|1889-07-01|1896-05-31|39.733333|ELLA, WV US|0.9991|GHCND:USC00462735||-80.816667|West Virginia|GHCND|USC00462735
174.0|1890-01-01|1954-03-31|38.85|POINT PLEASANT, WV US|0.9884|GHCND:USC00467105|METERS|-82.13333|West Virginia|GHCND|USC00467105
311.8|1890-01-01|2012-03-01|39.044|WESTON, WV US|1.0|GHCND:USC00469436|METERS|-80.4725|West Virginia|GHCND|USC00469436
196.6|1891-06-01|1933-08-31|40.069667|WHEELING 1, WV US|0.9823|GHCND:USC00469483|METERS|-80.733333|West Virginia|GHCND|USC00469483
796.1|1891-10-01|1960-03-31|37.26667|BLUEFIELD 2 NW, WV US|0.9501|GHCND:USC00460918|METERS|-81.26667|West Virginia|GHCND|USC00460918
686.4|1891-10-01|1917-12-31|38.066667|NUTTALLBURG, WV US|0.9238|GHCND:USC00466565|METERS|-81.016667|West Virginia|GHCND|USC00466565
132.6|1891-10-01|1944-12-31|39.45|MARTINSBURG 1, WV US|0.9123|GHCND:USC00465705|METERS|-77.95|West Virginia|GHCND|USC00465705
685.8|1891-12-01|1903-12-31|38.85|BEVERLY, WV US|0.8828|GHCND:USC00460740|METERS|-79.866667|West Virginia|GHCND|USC00460740
207.0|1891-12-01|1957-09-30|38.41667|HUNTINGTON 1, WV US|0.9279|GHCND:USC00464378|METERS|-82.36667|West Virginia|GHCND|USC00464378
296.3|1892-01-01|2020-07-19|38.80088|SPENCER, WV US|1.0|GHCND:USC00468384|METERS|-81.35846|West Virginia|GHCND|USC00468384
593.8|1892-01-01|2010-12-31|37.3872|ELKHORN, WV US|1.0|GHCND:USC00462709|METERS|-81.4052|West Virginia|GHCND|USC00462709
271.3|1892-01-01|2017-12-31|39.0461|MOOREFIELD 1 SSE, WV US|1.0|GHCND:USC00466163|METERS|-78.9664|West Virginia|GHCND|USC00466163
396.2|1892-01-01|2020-07-18|39.4583|FAIRMONT, WV US|1.0|GHCND:USC00462920|METERS|-80.1353|West Virginia|GHCND|USC00462920
182.9|1892-04-01|1974-02-13|38.35|CHARLESTON 1, WV US|0.8648|GHCND:USC00461575|METERS|-81.65|West Virginia|GHCND|USC00461575
951.9|1892-06-01|1951-09-30|39.13333|DAVIS, WV US|0.4087|GHCND:USC00462209|METERS|-79.46667|West Virginia|GHCND|USC00462209
289.6|1892-06-01|1916-10-31|38.8|CENTRAL STATION, WV US|0.8123|GHCND:USC00461515|METERS|-80.366667|West Virginia|GHCND|USC00461515
214.0|1892-07-01|1975-03-31|39.68333|NEW MARTINSVILLE 4 N, WV US|0.99|GHCND:USC00466467|METERS|-80.85|West Virginia|GHCND|USC00466467
205.7|1892-09-01|2020-07-19|40.5261|NEW CUMBERLAND L D, OH US|1.0|GHCND:USC00466442|METERS|-80.6275|West Virginia|GHCND|USC00466442
180.4|1893-01-01|1896-08-31|38.916667|SANDYVILLE, WV US|0.9993|GHCND:USC00467920|METERS|-81.666667|West Virginia|GHCND|USC00467920
655.3|1893-02-01|2016-01-15|38.2175|MARLINTON, WV US|1.0|GHCND:USC00465672|METERS|-80.0914|West Virginia|GHCND|USC00465672
|1893-11-01|1897-05-31|39.4|BLOOMERY, WV US|0.9986|GHCND:USC00460900||-78.366667|West Virginia|GHCND|USC00460900
710.2|1893-12-01|2020-07-19|37.76475|BECKLEY VA HOSPITAL, WV US|1.0|GHCND:USC00460580|METERS|-81.19405|West Virginia|GHCND|USC00460580
266.7|1893-12-01|1927-08-14|39.333333|BURLINGTON, WV US|0.9408|GHCND:USC00461260|METERS|-78.9|West Virginia|GHCND|USC00461260
|1894-01-01|1897-01-31|38.25|MONARCH, WV US|0.4051|GHCND:USC00466140||-81.383333|West Virginia|GHCND|USC00466140
643.1|1894-02-01|2012-03-31|37.5436|UNION 3 SSE, WV US|1.0|GHCND:USC00469011|METERS|-80.5336|West Virginia|GHCND|USC00469011
210.0|1894-04-01|2020-07-19|38.10263|MADISON 3 NNW, WV US|1.0|GHCND:USC00465563|METERS|-81.84643|West Virginia|GHCND|USC00465563
275.5|1894-06-01|1920-12-31|38.083333|POWELLTON, WV US|0.8558|GHCND:USC00467135|METERS|-81.316667|West Virginia|GHCND|USC00467135
|1894-08-01|1896-06-30|39.1|LEACHTOWN, WV US|1.0|GHCND:USC00465030||-81.5|West Virginia|GHCND|USC00465030
198.1|1894-09-01|2010-12-31|38.96278|CRESTON, WV US|1.0|GHCND:USC00462054|METERS|-81.27278|West Virginia|GHCND|USC00462054
305.1|1894-11-01|1968-11-30|39.48333|WESTERNPORT, WV US|1.0|GHCND:USC00189405|METERS|-79.05|West Virginia|GHCND|USC00189405
|1894-12-01|1897-04-30|39.283333|PENNSBORO, WV US|1.0|GHCND:USC00466920||-80.966667|West Virginia|GHCND|USC00466920
435.9|1895-01-01|1949-05-20|37.66667|HINTON 1, WV US|0.8668|GHCND:USC00464170|METERS|-80.88333|West Virginia|GHCND|USC00464170
487.7|1895-01-01|1925-07-31|37.816667|GREEN SULPHUR SPRINGS, WV US|0.8366|GHCND:USC00463672|METERS|-80.866667|West Virginia|GHCND|USC00463672
116.1|1895-01-01|1974-05-31|39.7|HANCOCK, MD US|0.5677|GHCND:USC00184025|METERS|-78.18333|West Virginia|GHCND|USC00184025
|1895-03-01|1897-09-30|37.933333|HEWETT, WV US|0.9985|GHCND:USC00464085||-81.866667|West Virginia|GHCND|USC00464085
304.8|1896-01-01|1942-10-31|39.2|LOST CREEK NEAR, WV US|0.9929|GHCND:USC00465445|METERS|-80.416667|West Virginia|GHCND|USC00465445
396.2|1896-03-01|2010-12-31|39.1461|PHILIPPI, WV US|1.0|GHCND:USC00466982|METERS|-80.0411|West Virginia|GHCND|USC00466982
222.5|1897-04-01|2010-12-31|38.4598|CLAY, WV US|1.0|GHCND:USC00461696|METERS|-81.0849|West Virginia|GHCND|USC00461696
781.2|1897-08-01|1900-12-31|39.2|EAST BANK, WV US|1.0|GHCND:USC00462590|METERS|-81.616667|West Virginia|GHCND|USC00462590
469.4|1897-09-01|2016-03-01|38.78333|UPPER TRACT, WV US|1.0|GHCND:USC00469049|METERS|-79.28333|West Virginia|GHCND|USC00469049
207.3|1899-01-01|2014-10-31|38.2794|HAMLIN, WV US|1.0|GHCND:USC00463846|METERS|-82.1114|West Virginia|GHCND|USC00463846
541.0|1899-01-01|2020-07-19|39.0736|PARSONS 3 SE, WV US|1.0|GHCND:USC00466867|METERS|-79.634|West Virginia|GHCND|USC00466867
365.8|1899-03-01|1908-02-29|37.683333|OCEANA 1, WV US|0.6852|GHCND:USC00466602|METERS|-81.633333|West Virginia|GHCND|USC00466602
207.0|1899-04-01|1981-10-31|39.16667|CAIRO 3 S, WV US|0.8658|GHCND:USC00461328|METERS|-81.16667|West Virginia|GHCND|USC00461328
178.9|1899-10-01|1903-04-30|37.85|WARFIELD, WV US|1.0|GHCND:USC00158397|METERS|-82.41667|West Virginia|GHCND|USC00158397
175.0|1900-01-01|1939-03-31|38.516667|BANCROFT, WV US|0.9395|GHCND:USC00460450|METERS|-81.85|West Virginia|GHCND|USC00460450
174.0|1900-05-01|1939-03-29|38.65|ROBERTSBURG, WV US|0.9979|GHCND:USC00467614|METERS|-81.96667|West Virginia|GHCND|USC00467614
725.7|1900-06-01|2020-07-17|37.3854|PRINCETON, WV US|1.0|GHCND:USC00467207|METERS|-81.08233|West Virginia|GHCND|USC00467207
204.2|1900-08-01|1993-07-31|37.66667|WILLIAMSON, KY US|0.9803|GHCND:USC00469605|METERS|-82.28333|West Virginia|GHCND|USC00469605
195.1|1900-09-01|1985-09-30|39.46667|BENS RUN 1 SSE, WV US|0.9736|GHCND:USC00460687|METERS|-81.1|West Virginia|GHCND|USC00460687
213.4|1900-10-01|1902-10-31|38.216667|MYRA, WV US|0.6399|GHCND:USC00466343|METERS|-82.133333|West Virginia|GHCND|USC00466343
618.4|1901-01-01|1903-11-30|38.516667|CAMDEN, WV US|0.8582|GHCND:USC00461358|METERS|-80.633333|West Virginia|GHCND|USC00461358
588.9|1901-01-01|1966-12-31|38.28333|SUMMERSVILLE, WV US|0.4849|GHCND:USC00468608|METERS|-80.83333|West Virginia|GHCND|USC00468608
304.8|1901-02-01|1903-07-31|38.183333|ECHO, WV US|0.735|GHCND:USC00462650|METERS|-82.466667|West Virginia|GHCND|USC00462650
299.0|1901-02-01|1979-04-30|39.55|MANNINGTON 1 N, WV US|0.9831|GHCND:USC00465621|METERS|-80.35|West Virginia|GHCND|USC00465621
|1901-10-01|1926-11-16|39.933333|MOUNDSVILLE 1, OH US|0.9537|GHCND:USC00466250||-80.766667|West Virginia|GHCND|USC00466250
204.8|1901-11-01|2020-07-19|37.8663|LOGAN, WV US|1.0|GHCND:USC00465353|METERS|-81.98441|West Virginia|GHCND|USC00465353
1293.0|1901-11-01|1908-03-31|38.066667|LEONARD, WV US|0.9873|GHCND:USC00465045|METERS|-80.4|West Virginia|GHCND|USC00465045
198.1|1901-12-01|1922-08-31|38.966667|CUBA, WV US|0.992|GHCND:USC00462095|METERS|-81.666667|West Virginia|GHCND|USC00462095
461.5|1902-01-01|2012-01-05|38.4738|WEBSTER SPRINGS, WV US|1.0|GHCND:USC00469333|METERS|-80.4086|West Virginia|GHCND|USC00469333
844.3|1902-03-01|1986-08-31|38.66667|PICKENS 1, WV US|0.9664|GHCND:USC00466991|METERS|-80.21667|West Virginia|GHCND|USC00466991
735.2|1902-05-01|2020-07-19|39.2728|BAYARD, WV US|1.0|GHCND:USC00460527|METERS|-79.3684|West Virginia|GHCND|USC00460527
853.4|1902-07-01|1903-12-31|38.55|TRAVELER S REPOSE, WV US|0.9989|GHCND:USC00468905|METERS|-79.783333|West Virginia|GHCND|USC00468905
207.3|1902-10-01|1944-12-31|38.65|RYAN, WV US|0.996|GHCND:USC00467846|METERS|-81.46667|West Virginia|GHCND|USC00467846
312.1|1903-01-01|1912-12-31|38.525099|VALLEY FORK, WV US|0.7916|GHCND:USC00469078|METERS|-81.117889|West Virginia|GHCND|USC00469078
259.1|1903-03-01|1928-06-30|39.533333|SMITHFIELD, WV US|0.9538|GHCND:USC00468282|METERS|-80.633333|West Virginia|GHCND|USC00468282
225.9|1904-01-01|1961-12-31|37.98333|CABWAYLINGO STATE FO, WV US|0.3635|GHCND:USC00461319|METERS|-82.35|West Virginia|GHCND|USC00461319
223.1|1904-04-01|1975-08-31|39.61667|BERKELEY SPRINGS, WV US|0.7661|GHCND:USC00460710|METERS|-78.21667|West Virginia|GHCND|USC00460710
274.9|1905-04-01|1948-12-31|38.66667|SUTTON, WV US|0.9371|GHCND:USC00468652|METERS|-80.7|West Virginia|GHCND|USC00468652
830.3|1905-09-01|1933-12-31|38.55|DURBIN, WV US|0.0588|GHCND:USC00462552|METERS|-79.766667|West Virginia|GHCND|USC00462552
|1906-01-01|1907-09-30|39.666667|MOORESVILLE, WV US|1.0|GHCND:USC00466178||-80.1|West Virginia|GHCND|USC00466178
365.8|1906-01-01|1916-01-31|38.966667|LOST CITY, WV US|0.9421|GHCND:USC00465440|METERS|-78.833333|West Virginia|GHCND|USC00465440
579.1|1906-01-01|2010-12-31|38.6756|FRANKLIN 2 NE, WV US|1.0|GHCND:USC00463215|METERS|-79.3092|West Virginia|GHCND|USC00463215
187.5|1908-01-01|1946-12-31|39.11667|ELIZABETH, WV US|0.942|GHCND:USC00462695|METERS|-81.4|West Virginia|GHCND|USC00462695
244.1|1908-03-01|1951-09-30|39.46667|SPRINGFIELD 1 N, WV US|0.5451|GHCND:USC00468409|METERS|-78.7|West Virginia|GHCND|USC00468409
833.0|1908-03-01|1974-07-31|38.43333|ARBOVALE 2, WV US|0.7202|GHCND:USC00460249|METERS|-79.81667|West Virginia|GHCND|USC00460249
402.3|1908-06-01|2018-05-31|37.5741|PINEVILLE, WV US|1.0|GHCND:USC00467029|METERS|-81.5355|West Virginia|GHCND|USC00467029
198.1|1908-11-01|1964-09-30|39.38333|ST MARYS, WV US|0.9672|GHCND:USC00467875|METERS|-81.2|West Virginia|GHCND|USC00467875
548.0|1909-05-01|1989-06-30|39.66667|BRANDONVILLE, WV US|0.7245|GHCND:USC00461083|METERS|-79.61667|West Virginia|GHCND|USC00461083
1086.6|1912-01-01|1997-12-31|38.61056|CHEAT BRIDGE, WV US|0.1803|GHCND:USC00461591|METERS|-79.87722|West Virginia|GHCND|USC00461591
622.4|1912-04-01|1920-11-30|38.3|HOLCOMB, WV US|0.9998|GHCND:USC00464230|METERS|-80.433333|West Virginia|GHCND|USC00464230
1005.8|1912-07-01|1930-10-31|39.083333|CORTLAND, WV US|0.8954|GHCND:USC00461940|METERS|-79.433333|West Virginia|GHCND|USC00461940
